farm_id,cycle_id,split,actual_harvest_health,severe_event,forecast_harvest_health,phri_day60_raw
FARM_01,FARM_01_C001,train,0.7130772910186238,1,0.7591875390467633,0.7368307983298199
FARM_01,FARM_01_C002,train,0.7355516484860665,1,0.7499237250292223,0.8164149425731628
FARM_01,FARM_01_C003,train,0.761799040479472,1,0.7731498046568681,0.6173464921890713
FARM_01,FARM_01_C004,train,0.7171759461891012,1,0.7779714997318341,0.5791990373485603
FARM_01,FARM_01_C005,train,0.7077764355867603,1,0.7922474692166528,0.46909340513002007
FARM_01,FARM_01_C006,train,0.7388002929988645,1,0.8040793895792296,0.36466051715874753
FARM_01,FARM_01_C007,train,0.7030007874104025,1,0.7699343766082702,0.6437657667913408
FARM_01,FARM_01_C008,train,0.7727922138325506,1,0.7735778437162174,0.613891600330802
FARM_01,FARM_01_C009,train,0.7289352688833588,1,0.7814699430623125,0.552347705585406
FARM_01,FARM_01_C010,train,0.733232857359273,1,0.7590171579352991,0.7383328520701284
FARM_01,FARM_01_C011,train,0.7504219091502726,1,0.7682718024964609,0.6577446632761544
FARM_01,FARM_01_C012,train,0.7857198710559004,1,0.7633629265528323,0.7000854451551781
FARM_01,FARM_01_C013,train,0.7728557810884291,1,0.7657201249949579,0.6795802936048745
FARM_01,FARM_01_C014,train,0.7884801557501767,0,0.777796493667759,0.5805569060180052
FARM_01,FARM_01_C015,train,0.7560093710744991,1,0.7758785827043568,0.595559389634652
FARM_01,FARM_01_C016,train,0.7654447801090858,1,0.78330271024298,0.5384164082079245
FARM_01,FARM_01_C017,train,0.7448345464906554,1,0.7677823501061525,0.6618990300165397
FARM_01,FARM_01_C018,train,0.7629112387708652,1,0.7890720526599392,0.49424027831510187
FARM_01,FARM_01_C019,train,0.7323939565001818,1,0.7755008133595098,0.5985429420583002
FARM_01,FARM_01_C020,train,0.7914293241234246,0,0.7572774523102115,0.7536408837927839
FARM_01,FARM_01_C021,train,0.6891258773016149,1,0.7805405325026155,0.5594366864889657
FARM_01,FARM_01_C022,train,0.7501577558577659,1,0.7470003571743764,0.839723036264856
FARM_01,FARM_01_C023,train,0.7488152194950218,1,0.7519826522785773,0.7993227270282659
FARM_01,FARM_01_C024,train,0.7144836376833601,1,0.7577950459487146,0.7490938486020595
FARM_01,FARM_01_C025,train,0.7603767620944063,1,0.771965620209294,0.6269801307477423
FARM_01,FARM_01_C026,train,0.7884415037750634,0,0.7627902624365642,0.7051032092419719
FARM_01,FARM_01_C027,train,0.757379909208562,1,0.800401635313407,0.3991782151594414
FARM_01,FARM_01_C028,train,0.7426350499721509,1,0.774451794260992,0.6068816124543809
FARM_01,FARM_01_C029,train,0.7553806069580957,1,0.7771785598881066,0.5853655370430223
FARM_01,FARM_01_C030,train,0.75340930583984,1,0.7762864811184129,0.5923489017697123
FARM_01,FARM_01_C031,train,0.7633728152028512,1,0.7503055490946431,0.8132832207481924
FARM_01,FARM_01_C032,train,0.7850949327494445,1,0.7436416815670636,0.8647879167043256
FARM_01,FARM_01_C033,train,0.7548366107393103,1,0.8125147613699842,0.280145528679943
FARM_01,FARM_01_C034,train,0.7522144041546515,1,0.7986508464408146,0.41494997550788704
FARM_01,FARM_01_C035,train,0.7371407136577961,1,0.8183676070471564,0.22070639164447053
FARM_01,FARM_01_C036,train,0.7491334847498171,1,0.7721752285762826,0.6252667642011532
FARM_01,FARM_01_C037,train,0.7781744621075855,1,0.7933384369010545,0.46022807886870354
FARM_01,FARM_01_C038,train,0.7494054439284445,1,0.7929056407832293,0.46376065874267625
FARM_01,FARM_01_C039,train,0.7410966276412365,1,0.8218977075824576,0.18637714577753728
FARM_01,FARM_01_C040,train,0.736071249003662,1,0.765842149172517,0.6785266575397877
FARM_01,FARM_01_C041,train,0.7143310925008448,1,0.7662847356890373,0.6747124978278862
FARM_01,FARM_01_C042,train,0.7854955309249672,1,0.7706657429807893,0.6376841032519754
FARM_01,FARM_01_C043,train,0.7382405604675417,1,0.7594308268688794,0.7346855876651961
FARM_01,FARM_01_C044,train,0.7608353758989914,1,0.7873521284628302,0.5075450426748387
FARM_01,FARM_01_C045,train,0.7516485301028338,1,0.7844014898732018,0.5300712321603196
FARM_01,FARM_01_C046,train,0.7481557547120586,1,0.7923757578874231,0.4680575925497123
FARM_01,FARM_01_C047,train,0.727186078072398,1,0.7674343802520989,0.6648628134022974
FARM_01,FARM_01_C048,train,0.7427886190470039,1,0.7487501890115872,0.8259199928925705
FARM_01,FARM_01_C049,train,0.7437165988645049,1,0.761269394400344,0.7184752010645707
FARM_01,FARM_01_C050,train,0.7373536127540221,1,0.7563236332817141,0.7619956036135966
FARM_01,FARM_01_C051,train,0.789051986964694,0,0.7952591340664823,0.44428364803039455
FARM_01,FARM_01_C052,train,0.7478440388879835,1,0.7789687795381813,0.5714920997251967
FARM_01,FARM_01_C053,train,0.7781656271615558,1,0.7905476132885816,0.48266436257752043
FARM_01,FARM_01_C054,train,0.7527291863300666,1,0.7763342747734632,0.5919734595473446
FARM_01,FARM_01_C055,train,0.7634459980178183,1,0.7793211898062932,0.5687802743887528
FARM_01,FARM_01_C056,train,0.7661283659738103,1,0.7720509403032375,0.6262822882907664
FARM_01,FARM_01_C057,train,0.7954355586380176,0,0.7965265415393019,0.43350590994509985
FARM_01,FARM_01_C058,train,0.7660295247024921,1,0.8167827579209519,0.23660428459510835
FARM_01,FARM_01_C059,train,0.7795140464635597,1,0.7912421575520001,0.47715260891560657
FARM_01,FARM_01_C060,train,0.7923285468584069,0,0.7938548081798659,0.4559852825552024
FARM_01,FARM_01_C061,train,0.7842465074772604,1,0.7957694262397603,0.4399697579640653
FARM_01,FARM_01_C062,train,0.7571282705982392,1,0.753801594467737,0.783856371001399
FARM_01,FARM_01_C063,train,0.740352518010885,1,0.7877720884627495,0.5043120250632764
FARM_01,FARM_01_C064,train,0.694417065405762,1,0.7680524211613972,0.6596046032773181
FARM_01,FARM_01_C065,train,0.7703075348033821,1,0.7880504208231202,0.5021641459526491
FARM_01,FARM_01_C066,train,0.7678713360709067,1,0.7390452014359066,0.895542855816267
FARM_01,FARM_01_C067,train,0.7499610524284432,1,0.7512058132257595,0.8058289031149056
FARM_01,FARM_01_C068,train,0.7398186532529469,1,0.765715620906002,0.6796192013745175
FARM_01,FARM_01_C069,train,0.7727074868640613,1,0.7566797819221762,0.7588802556387504
FARM_01,FARM_01_C070,train,0.7211727633307843,1,0.7877314375074884,0.5046253719195897
FARM_01,FARM_01_C071,train,0.7120039885810514,1,0.7864355374261431,0.514572850367714
FARM_01,FARM_01_C072,train,0.7626918424514448,1,0.7488702573173978,0.8249561940357928
FARM_01,FARM_01_C073,train,0.7889070544184242,0,0.7557391655515165,0.7670953214688703
FARM_01,FARM_01_C074,train,0.7577416378038153,1,0.7778756383440137,0.579942612310905
FARM_01,FARM_01_C075,train,0.7626925619837487,1,0.7612455375774684,0.7186853527399725
FARM_01,FARM_01_C076,train,0.7654803359712027,1,0.8333482909987654,0.09307402246572302
FARM_01,FARM_01_C077,train,0.7909020097864711,0,0.7735590590997373,0.6140429186461267
FARM_01,FARM_01_C078,train,0.7666624871205835,1,0.7916399082734914,0.47397594223489636
FARM_01,FARM_01_C079,train,0.7355573695319213,1,0.7821519358434115,0.5471586163451487
FARM_01,FARM_01_C080,train,0.7924855438058642,0,0.8054927314265904,0.3509334011567809
FARM_02,FARM_02_C001,train,0.7528434524141489,1,0.7806382526642012,0.5586901765447936
FARM_02,FARM_02_C002,train,0.7904194461329055,0,0.769442278559946,0.6478813825039029
FARM_02,FARM_02_C003,train,0.7594194623698013,1,0.7884220638508337,0.4992892400067298
FARM_02,FARM_02_C004,train,0.709699148783969,1,0.7975176519815647,0.42492671151653677
FARM_02,FARM_02_C005,train,0.7146564627037504,1,0.7839621245680223,0.5334089919878982
FARM_02,FARM_02_C006,train,0.7705108830537417,1,0.7718131412430843,0.6282287261557964
FARM_02,FARM_02_C007,train,0.7646419247968432,1,0.7790834029282317,0.5706094429704074
FARM_02,FARM_02_C008,train,0.7539651950135385,1,0.7676429894261589,0.6630850031003642
FARM_02,FARM_02_C009,train,0.7841048085775635,1,0.7970700750079062,0.42881774240535253
FARM_02,FARM_02_C010,train,0.7519977965547928,1,0.7646713541985873,0.6886700855056812
FARM_02,FARM_02_C011,train,0.8253504585062656,0,0.8218136353258201,0.1871727543176269
FARM_02,FARM_02_C012,train,0.75411817391892,1,0.8139038426189555,0.26591646698430893
FARM_02,FARM_02_C013,train,0.8072376924058444,0,0.7886414880033399,0.49758788574161156
FARM_02,FARM_02_C014,train,0.819477185339158,0,0.7370861559001427,0.9072770094940881
FARM_02,FARM_02_C015,train,0.7612166902699606,1,0.782695832102839,0.5430253660433624
FARM_02,FARM_02_C016,train,0.7822701485004616,1,0.7581900627167973,0.7456188030409794
FARM_02,FARM_02_C017,train,0.7848665576131091,1,0.7781565282129984,0.5777652397134145
FARM_02,FARM_02_C018,train,0.7726101066818511,1,0.8241402498048344,0.1656399546933411
FARM_02,FARM_02_C019,train,0.7638264748924224,1,0.8247630294456127,0.1600611596970704
FARM_02,FARM_02_C020,train,0.78420112971364,1,0.7860022461264985,0.5178836007424157
FARM_02,FARM_02_C021,train,0.771160146407996,1,0.7756485549328327,0.5973749188942739
FARM_02,FARM_02_C022,train,0.7522383246596153,1,0.7722733476265313,0.6244659347543015
FARM_02,FARM_02_C023,train,0.748911729464119,1,0.7937238296168729,0.45706442390091795
FARM_02,FARM_02_C024,train,0.7505832738032536,1,0.8041095751785333,0.3643698421511616
FARM_02,FARM_02_C025,train,0.7911540341899391,0,0.765290030786849,0.6833007734375183
FARM_02,FARM_02_C026,train,0.7415767072708539,1,0.7815150024199028,0.5520045792763287
FARM_02,FARM_02_C027,train,0.7596671887641044,1,0.7637486573682586,0.6967124867511939
FARM_02,FARM_02_C028,train,0.7636904847327087,1,0.7865187502963595,0.5139362605431337
FARM_02,FARM_02_C029,train,0.7549711812644112,1,0.7565903785424755,0.7596628070447389
FARM_02,FARM_02_C030,train,0.7903216495501697,0,0.7570068105038059,0.7560150477182452
FARM_02,FARM_02_C031,train,0.7616497901096683,1,0.7929567015310459,0.46334497983587547
FARM_02,FARM_02_C032,train,0.7807823777613563,1,0.7671933294989455,0.6669208129159852
FARM_02,FARM_02_C033,train,0.8523185194848981,0,0.7890334388887199,0.49454100962520564
FARM_02,FARM_02_C034,train,0.8483784047719595,0,0.758633719261901,0.7417119461424153
FARM_02,FARM_02_C035,train,0.7966807339053836,0,0.8136888182818416,0.26811793885155394
FARM_02,FARM_02_C036,train,0.7872644020308521,0,0.8254508751725355,0.15399872870892334
FARM_02,FARM_02_C037,train,0.8235182721843524,0,0.7928331584772549,0.464350233543933
FARM_02,FARM_02_C038,train,0.7757900171470868,1,0.7752483912273841,0.6005421367025479
FARM_02,FARM_02_C039,train,0.7526474999034047,1,0.7920709384763429,0.47051592672753384
FARM_02,FARM_02_C040,train,0.7434944487464594,1,0.7849914291338049,0.5255858318036655
FARM_02,FARM_02_C041,train,0.737634820191211,1,0.7728410241331337,0.6198477488298799
FARM_02,FARM_02_C042,train,0.7294154143371447,1,0.785319679566283,0.5230873835940137
FARM_02,FARM_02_C043,train,0.7669347673388616,1,0.7646780065750786,0.6886122471550922
FARM_02,FARM_02_C044,train,0.6887145586239841,1,0.7781077484198565,0.5781430570991061
FARM_02,FARM_02_C045,train,0.7743190125506155,1,0.7638419317080999,0.69589776972605
FARM_02,FARM_02_C046,train,0.773243602807318,1,0.8028554691894668,0.37634898627196073
FARM_02,FARM_02_C047,train,0.718318083282502,1,0.7739160333473181,0.6111720177600406
FARM_02,FARM_02_C048,train,0.7532065759302797,1,0.8079952219620101,0.32610380191800825
FARM_02,FARM_02_C049,train,0.7887554962231629,0,0.7976953029446963,0.4233745760379486
FARM_02,FARM_02_C050,train,0.8087125105098103,0,0.8014475843309808,0.3895489658441999
FARM_02,FARM_02_C051,train,0.7850155622633102,1,0.783311415247514,0.5383503080298074
FARM_02,FARM_02_C052,train,0.7654947636352804,1,0.7496563521219103,0.8185968086500726
FARM_02,FARM_02_C053,train,0.7568600511119106,1,0.776517657615143,0.5905342979338695
FARM_02,FARM_02_C054,train,0.783409288669193,1,0.7675289911496495,0.6640561469436543
FARM_02,FARM_02_C055,train,0.7836309870999421,1,0.7943808795066755,0.45163027458810145
FARM_02,FARM_02_C056,train,0.7865372578195103,0,0.7932207336119866,0.4611908890798964
FARM_02,FARM_02_C057,train,0.8077236284122262,0,0.8185383355995078,0.21900848696222416
FARM_02,FARM_02_C058,train,0.7805300658643941,1,0.8136796593358666,0.26821172718875624
FARM_02,FARM_02_C059,train,0.8132724803197735,0,0.7930518065322991,0.462569970592765
FARM_02,FARM_02_C060,train,0.7676179030902858,1,0.816273987285093,0.2417521277975383
FARM_02,FARM_02_C061,train,0.7593767491691679,1,0.7828443583074456,0.541897185523574
FARM_02,FARM_02_C062,train,0.7773014675389003,1,0.7795982603117696,0.5666520310345479
FARM_02,FARM_02_C063,train,0.7817470055749833,1,0.7709380188608349,0.6354308297351079
FARM_02,FARM_02_C064,train,0.7271552096870397,1,0.7972898305439282,0.426910755789044
FARM_02,FARM_02_C065,train,0.7405474786346767,1,0.769808468503541,0.644816996050748
FARM_02,FARM_02_C066,train,0.7572920206108462,1,0.7818713347854086,0.549292595109662
FARM_02,FARM_02_C067,train,0.715546796045808,1,0.7740229448633993,0.6103141150710573
FARM_02,FARM_02_C068,train,0.7780865050416004,1,0.7895825487858499,0.49025442894994437
FARM_02,FARM_02_C069,train,0.7209785912546356,1,0.7821648816284449,0.5470601933251704
FARM_02,FARM_02_C070,train,0.7794618461936936,1,0.7747472561261027,0.6045248044841676
FARM_02,FARM_02_C071,train,0.7747162099902218,1,0.7869563918684043,0.5105837274553865
FARM_02,FARM_02_C072,train,0.8098797190898992,0,0.8048366716875724,0.3573346586390413
FARM_02,FARM_02_C073,train,0.8062992735292926,0,0.8077830100036119,0.328231930456658
FARM_02,FARM_02_C074,train,0.802130870387666,0,0.7976552868865326,0.42372458051947265
FARM_02,FARM_02_C075,train,0.7755795591652104,1,0.7827274108487488,0.542785484509877
FARM_02,FARM_02_C076,train,0.7448844275051959,1,0.7710685177814407,0.6343529565579538
FARM_02,FARM_02_C077,train,0.7496329777188657,1,0.8360613664090419,0.07623401276570257
FARM_02,FARM_02_C078,train,0.8234373914117457,0,0.7940325711091833,0.45451742463915695
FARM_02,FARM_02_C079,train,0.7871581463702546,0,0.7668965968945795,0.6694595631793493
FARM_02,FARM_02_C080,train,0.7809317842407772,1,0.7983230481614496,0.4178545350967368
FARM_03,FARM_03_C001,train,0.7468167846359227,1,0.7933007809513897,0.4605362752226398
FARM_03,FARM_03_C002,train,0.7788156184391222,1,0.7818524952880253,0.5494359178656818
FARM_03,FARM_03_C003,train,0.8168959178827899,0,0.784695616396466,0.5278356122832568
FARM_03,FARM_03_C004,train,0.769028783666869,1,0.8003303965277447,0.3998284545394305
FARM_03,FARM_03_C005,train,0.7882056554267445,0,0.785622471957681,0.5207805067263584
FARM_03,FARM_03_C006,train,0.7418733209418181,1,0.8464739995008638,0.031003856396113142
FARM_03,FARM_03_C007,train,0.8059886457818275,0,0.825221806082211,0.15600582402974247
FARM_03,FARM_03_C008,train,0.842649425427642,0,0.8180780180695415,0.22359347700386648
FARM_03,FARM_03_C009,train,0.8097516374075822,0,0.7860155868594015,0.5177817590065821
FARM_03,FARM_03_C010,train,0.8349918258454407,0,0.8071672439850365,0.3343851366115995
FARM_03,FARM_03_C011,train,0.8054849770994857,0,0.8482984123481623,0.025892221042292135
FARM_03,FARM_03_C012,train,0.8042342558012959,0,0.8200153856072225,0.204464234846258
FARM_03,FARM_03_C013,train,0.8116916950041646,0,0.8502166621499424,0.02126538065352351
FARM_03,FARM_03_C014,train,0.8268055263791789,0,0.7979265236162675,0.4213477920787134
FARM_03,FARM_03_C015,train,0.7854522015726857,1,0.773118523624883,0.6175995392880174
FARM_03,FARM_03_C016,train,0.8050985169080402,0,0.7999686893515677,0.4031188808601341
FARM_03,FARM_03_C017,train,0.7776432253279488,1,0.7607814121600405,0.7227753607322923
FARM_03,FARM_03_C018,train,0.7846980091340338,1,0.8408115830230022,0.051941890444471436
FARM_03,FARM_03_C019,train,0.8024611955922235,0,0.8552710394556825,0.012200220723380848
FARM_03,FARM_03_C020,train,0.8178234787473995,0,0.8070277383334488,0.3357744374833736
FARM_03,FARM_03_C021,train,0.738043660972753,1,0.789382924215557,0.49181531542507284
FARM_03,FARM_03_C022,train,0.7865425554874479,0,0.820283602606827,0.20185393440504557
FARM_03,FARM_03_C023,train,0.7075400957177049,1,0.7865551886103485,0.5136574197514056
FARM_03,FARM_03_C024,train,0.8178789275981136,0,0.7969244540600164,0.43007773935991467
FARM_03,FARM_03_C025,train,0.7491936957433516,1,0.8322977917645736,0.10017741526654958
FARM_03,FARM_03_C026,train,0.7555410617215107,1,0.7928955330342955,0.4638429104301204
FARM_03,FARM_03_C027,train,0.7856404234601164,1,0.7925180081129736,0.46690702227868036
FARM_03,FARM_03_C028,train,0.808320325629851,0,0.8143752848878711,0.26109309850705326
FARM_03,FARM_03_C029,train,0.7576181324669484,1,0.815885883990924,0.24569063827287652
FARM_03,FARM_03_C030,train,0.7900974404355933,0,0.794221256800169,0.45295522463028476
FARM_03,FARM_03_C031,train,0.8087554343655021,0,0.8033429326090942,0.371716798925141
FARM_03,FARM_03_C032,train,0.8330108959767707,0,0.8598942194841483,0.006998357142540472
FARM_03,FARM_03_C033,train,0.7675463399343401,1,0.8552390800443365,0.012245236526941126
FARM_03,FARM_03_C034,train,0.7765662726490034,1,0.800268480085328,0.4003930197984405
FARM_03,FARM_03_C035,train,0.7970619870107091,0,0.8376476307320824,0.06739567933746184
FARM_03,FARM_03_C036,train,0.8324589484955089,0,0.8354323350550661,0.07994436080884908
FARM_03,FARM_03_C037,train,0.765645847924914,1,0.7817686131385968,0.5500741362287401
FARM_03,FARM_03_C038,train,0.8105298515839785,0,0.825540178256572,0.1532195127458142
FARM_03,FARM_03_C039,train,0.859972765226297,0,0.8514371284027303,0.01868717062136854
FARM_03,FARM_03_C040,train,0.8359604410886827,0,0.8097434781501021,0.3084452192403954
FARM_03,FARM_03_C041,train,0.8206606496952992,0,0.8034204785602219,0.3709770562060921
FARM_03,FARM_03_C042,train,0.7531088115861384,1,0.7906185751002192,0.48210320169592047
FARM_03,FARM_03_C043,train,0.7812455539284124,1,0.7679715807547562,0.6602908501292624
FARM_03,FARM_03_C044,train,0.7655245758614277,1,0.763915282637782,0.6952573342937547
FARM_03,FARM_03_C045,train,0.7612211624990071,1,0.7875938619516162,0.5056851877907143
FARM_03,FARM_03_C046,train,0.7922649888657032,0,0.8006361314819901,0.39703276053472736
FARM_03,FARM_03_C047,train,0.7789879844581935,1,0.7793557694866594,0.56851448022279
FARM_03,FARM_03_C048,train,0.8568124613122506,0,0.7993866585422876,0.4083745740696728
FARM_03,FARM_03_C049,train,0.8052334396715379,0,0.7539876073725489,0.7822586177321238
FARM_03,FARM_03_C050,train,0.7640698281574145,1,0.8025043558113002,0.37966605058939834
FARM_03,FARM_03_C051,train,0.8605680878818438,0,0.7869748768160941,0.5104419478669358
FARM_03,FARM_03_C052,train,0.8319366518537876,0,0.7963737160852437,0.4348168425521089
FARM_03,FARM_03_C053,train,0.8235261263588516,0,0.8076675445570349,0.3293882720241672
FARM_03,FARM_03_C054,train,0.7780828870748029,1,0.7670988243145413,0.667728733474533
FARM_03,FARM_03_C055,train,0.8208568573397437,0,0.7813147618002299,0.5535297616059508
FARM_03,FARM_03_C056,train,0.8091972810616669,0,0.8361844204082132,0.07552186451004039
FARM_03,FARM_03_C057,train,0.8062608626186383,0,0.8141827175927298,0.2630626265867754
FARM_03,FARM_03_C058,train,0.8265780037384254,0,0.804607420373398,0.35955969861317655
FARM_03,FARM_03_C059,train,0.8075689258351757,0,0.8283348303153208,0.12981095086617025
FARM_03,FARM_03_C060,train,0.7720638530186479,1,0.8338040097982632,0.09009327190636086
FARM_03,FARM_03_C061,train,0.7861157395888962,1,0.8246854851706141,0.1607512185275387
FARM_03,FARM_03_C062,train,0.8426038506286146,0,0.8164584360635668,0.239883730208208
FARM_03,FARM_03_C063,train,0.8147674555664932,0,0.8143163726614739,0.2616955322554596
FARM_03,FARM_03_C064,train,0.7555220250879631,1,0.8055032446005997,0.3508304255352642
FARM_03,FARM_03_C065,train,0.7628094862638086,1,0.8135812526105541,0.26921949559324837
FARM_03,FARM_03_C066,train,0.7235599323417112,1,0.7993730189282184,0.40849716109656337
FARM_03,FARM_03_C067,train,0.7423146269071821,1,0.7640806749750872,0.693814127932762
FARM_03,FARM_03_C068,train,0.7783652484926541,1,0.823703529957722,0.1696009677656071
FARM_03,FARM_03_C069,train,0.8338991026681372,0,0.7993723204859101,0.4085034376856448
FARM_03,FARM_03_C070,train,0.7807413094811314,1,0.8047964532782053,0.3577254556061688
FARM_03,FARM_03_C071,train,0.7878719315074794,0,0.805864281852122,0.3472867231103117
FARM_03,FARM_03_C072,train,0.7971069131190874,0,0.7712094506521892,0.6331904319933137
FARM_03,FARM_03_C073,train,0.7725521326083672,1,0.7674943267525918,0.6643516291227566
FARM_03,FARM_03_C074,train,0.8473839657964458,0,0.7883994760230075,0.4994642088932854
FARM_03,FARM_03_C075,train,0.7617287075150796,1,0.7903912688810959,0.4838991905759714
FARM_03,FARM_03_C076,train,0.7684756507614336,1,0.8163109627030122,0.2413773969529361
FARM_03,FARM_03_C077,train,0.8146452708999321,0,0.8229391559968595,0.1766265000613491
FARM_03,FARM_03_C078,train,0.8482517353968142,0,0.8439275077655749,0.03941676352370364
FARM_03,FARM_03_C079,train,0.8540994332168637,0,0.7973034381813932,0.4267924523308003
FARM_03,FARM_03_C080,train,0.8197418165294037,0,0.8348756505756306,0.08332570151256787
FARM_04,FARM_04_C001,train,0.8417473788882452,0,0.7950954590733278,0.44566018371401905
FARM_04,FARM_04_C002,train,0.7663348859936212,1,0.8081845094348902,0.32420247843001054
FARM_04,FARM_04_C003,train,0.796630515831338,0,0.8270430161355292,0.1403899913630723
FARM_04,FARM_04_C004,train,0.8118291419632526,0,0.7603984341395127,0.7261520091678202
FARM_04,FARM_04_C005,train,0.8189300031628652,0,0.8334561698090559,0.0923628839444031
FARM_04,FARM_04_C006,train,0.7852456276022777,1,0.806433631035659,0.3416701340017407
FARM_04,FARM_04_C007,train,0.783534321774856,1,0.8165322313821373,0.23913686671490467
FARM_04,FARM_04_C008,train,0.7499801637101804,1,0.7963816462081608,0.4347488957657786
FARM_04,FARM_04_C009,train,0.7917848206741096,0,0.8037773998611483,0.3675623018424057
FARM_04,FARM_04_C010,train,0.8137650590451405,0,0.8150773042185049,0.25392297073177117
FARM_04,FARM_04_C011,train,0.8152419858712079,0,0.8352464557431549,0.08106319527853525
FARM_04,FARM_04_C012,train,0.8022399625454435,0,0.8488535283596396,0.024477610648009376
FARM_04,FARM_04_C013,train,0.8270678705772208,0,0.7823237180454509,0.5458527989748945
FARM_04,FARM_04_C014,train,0.8262528355655159,0,0.7848599639678046,0.5265858665424077
FARM_04,FARM_04_C015,train,0.8178780072128046,0,0.8097403636583252,0.3084768520420898
FARM_04,FARM_04_C016,train,0.8140172900356621,0,0.8327150163691778,0.0973175178746509
FARM_04,FARM_04_C017,train,0.8483139306151375,0,0.8204507107841537,0.20023285451558415
FARM_04,FARM_04_C018,train,0.846311419237185,0,0.8055739905147677,0.3501371565971053
FARM_04,FARM_04_C019,train,0.8301481197447635,0,0.8270356215798731,0.14045177035952525
FARM_04,FARM_04_C020,train,0.7869490622885486,0,0.8504153731886572,0.020826991574523276
FARM_04,FARM_04_C021,train,0.8249667729342601,0,0.791708954639637,0.4734229336985385
FARM_04,FARM_04_C022,train,0.7647260129994762,1,0.774894006784086,0.6033566302846722
FARM_04,FARM_04_C023,train,0.7716629207421148,1,0.8058629540164752,0.34729978221417235
FARM_04,FARM_04_C024,train,0.7656669879746445,1,0.8250939978593771,0.15713084921616588
FARM_04,FARM_04_C025,train,0.762383029047381,1,0.8115082157315954,0.2904504640101492
FARM_04,FARM_04_C026,train,0.8066298609947506,0,0.8193366199770243,0.21111392397778964
FARM_04,FARM_04_C027,train,0.7717592006011854,1,0.7879038324238197,0.5032958977983046
FARM_04,FARM_04_C028,train,0.7766172316524081,1,0.8165209825593153,0.23925068838218225
FARM_04,FARM_04_C029,train,0.8029928882890858,0,0.8179871908894439,0.2245007671379516
FARM_04,FARM_04_C030,train,0.794317297268132,0,0.8264783711283326,0.14514635124912842
FARM_04,FARM_04_C031,train,0.8336082265955225,0,0.7775683432404837,0.5823297227503162
FARM_04,FARM_04_C032,train,0.8257678984462737,0,0.8349533879795366,0.08284800385996316
FARM_04,FARM_04_C033,train,0.829992715690693,0,0.8520593637468981,0.017474514743708553
FARM_04,FARM_04_C034,train,0.823232147422623,0,0.8455173176175926,0.03398286483581168
FARM_04,FARM_04_C035,train,0.8474906853641136,0,0.813302767580837,0.27207203995770013
FARM_04,FARM_04_C036,train,0.8072402119744573,0,0.8191171493144581,0.21327675634111545
FARM_04,FARM_04_C037,train,0.7980816838016102,0,0.8473008963729807,0.028596981303038983
FARM_04,FARM_04_C038,train,0.8173529462273657,0,0.7921232014598003,0.47009511610721016
FARM_04,FARM_04_C039,train,0.8181703777842915,0,0.8018601163887339,0.38570916178342524
FARM_04,FARM_04_C040,train,0.8067976223962625,0,0.8020406903478303,0.38402103267268706
FARM_04,FARM_04_C041,train,0.7852185382399438,1,0.8358194354270415,0.07764718860030476
FARM_04,FARM_04_C042,train,0.7828356070332001,1,0.8222483970732203,0.1830717874094171
FARM_04,FARM_04_C043,train,0.786561521000219,0,0.7779753416210817,0.5791692472889829
FARM_04,FARM_04_C044,train,0.7505123091363713,1,0.8230297954106686,0.17578742670807623
FARM_04,FARM_04_C045,train,0.8074786327358205,0,0.791926173866336,0.47168008306254355
FARM_04,FARM_04_C046,train,0.8307392511742017,0,0.8167060237007319,0.2373795013723171
FARM_04,FARM_04_C047,train,0.811026921725351,0,0.8141837768620068,0.2630517900353084
FARM_04,FARM_04_C048,train,0.8087470968012245,0,0.8238834406567563,0.16796441119651556
FARM_04,FARM_04_C049,train,0.8267552260971763,0,0.7940000052329,0.45478661613683635
FARM_04,FARM_04_C050,train,0.7785673105582327,1,0.791849067628558,0.47229928301086305
FARM_04,FARM_04_C051,train,0.805180441246556,0,0.7937946756562606,0.45648096999211685
FARM_04,FARM_04_C052,train,0.8527419384204229,0,0.8101737807890766,0.3040698594929551
FARM_04,FARM_04_C053,train,0.8230323998108298,0,0.8480818292109962,0.026461482081383103
FARM_04,FARM_04_C054,train,0.8273199412121276,0,0.8277070883803261,0.13489813992583377
FARM_04,FARM_04_C055,train,0.8033752614721943,0,0.7831105888833324,0.5398752963602766
FARM_04,FARM_04_C056,train,0.7767380138101632,1,0.7803518661274346,0.5608788329333576
FARM_04,FARM_04_C057,train,0.8255140353982484,0,0.8715150217339533,0.001410086963488602
FARM_04,FARM_04_C058,train,0.820866514039601,0,0.8649101630267733,0.003634513790712762
FARM_04,FARM_04_C059,train,0.775287892142147,1,0.8024200853783306,0.38045972224103036
FARM_04,FARM_04_C060,train,0.793463286450558,0,0.8477568256894862,0.02733430889488528
FARM_04,FARM_04_C061,train,0.8035130996390503,0,0.8441290323833922,0.038693523683152195
FARM_04,FARM_04_C062,train,0.8515865327769556,0,0.8384644223612115,0.06313179568145662
FARM_04,FARM_04_C063,train,0.8105525192319456,0,0.8251097550857052,0.15699194817964832
FARM_04,FARM_04_C064,train,0.7851091610747287,1,0.8230467911991773,0.17563026819230154
FARM_04,FARM_04_C065,train,0.733098926058162,1,0.793869656728841,0.45586281631543407
FARM_04,FARM_04_C066,train,0.7673242543407427,1,0.7933636034587946,0.46002201204775545
FARM_04,FARM_04_C067,train,0.7842555445611785,1,0.8042709665199197,0.3628138019003814
FARM_04,FARM_04_C068,train,0.8094380162089962,0,0.7808094558645097,0.5573830199293792
FARM_04,FARM_04_C069,train,0.8139880556419101,0,0.7885030043608473,0.498662002404897
FARM_04,FARM_04_C070,train,0.8163823058157567,0,0.8325522133110453,0.09842742161376854
FARM_04,FARM_04_C071,train,0.811823719900326,0,0.8278225889033517,0.1339544443050497
FARM_04,FARM_04_C072,train,0.8442148781476597,0,0.8188541041892095,0.2158767315229724
FARM_04,FARM_04_C073,train,0.7786295787700546,1,0.8116028853011589,0.28948205438983843
FARM_04,FARM_04_C074,train,0.833736377586791,0,0.8028220191007145,0.3766657053225421
FARM_04,FARM_04_C075,train,0.8099210608130174,0,0.8119128417849409,0.2863099927078701
FARM_04,FARM_04_C076,train,0.857355226746599,0,0.7907169425258316,0.4813245910252933
FARM_04,FARM_04_C077,train,0.8225671274301465,0,0.8276501890012408,0.13536429812020231
FARM_04,FARM_04_C078,train,0.8560318791083463,0,0.8106198370588446,0.2995249238250351
FARM_04,FARM_04_C079,train,0.8502074732588566,0,0.8077479185835794,0.32858347692149564
FARM_04,FARM_04_C080,train,0.773760756805981,1,0.8027909701546543,0.37695955668721876
FARM_05,FARM_05_C001,train,0.796459269899265,0,0.8190146984549967,0.21428841061614576
FARM_05,FARM_05_C002,train,0.7991594733155494,0,0.822801521698866,0.17790362006205235
FARM_05,FARM_05_C003,train,0.8091514692697697,0,0.8193872401396702,0.2106159298308377
FARM_05,FARM_05_C004,train,0.8219276228021528,0,0.8019273851438586,0.3850808091242144
FARM_05,FARM_05_C005,train,0.774900186838654,1,0.8013149198093124,0.39077878533136173
FARM_05,FARM_05_C006,train,0.8183340592803227,0,0.818547382945183,0.2189185998386951
FARM_05,FARM_05_C007,train,0.811623326999808,0,0.7829228657852367,0.5413009193855812
FARM_05,FARM_05_C008,train,0.8489622007055302,0,0.8141129108711366,0.26377682401499547
FARM_05,FARM_05_C009,train,0.8298940389141676,0,0.816945227210248,0.23496440687111086
FARM_05,FARM_05_C010,train,0.81740045181912,0,0.8395204424643367,0.05790424388855342
FARM_05,FARM_05_C011,train,0.8219311024403937,0,0.8428743105816128,0.04336440912100744
FARM_05,FARM_05_C012,train,0.8495567615927255,0,0.8299926670306389,0.11688128726121078
FARM_05,FARM_05_C013,train,0.8377456501933939,0,0.8249741337236419,0.15818928141101649
FARM_05,FARM_05_C014,train,0.8539607258136703,0,0.8415631442392648,0.04868394638166639
FARM_05,FARM_05_C015,train,0.7870793050847389,0,0.8558698272657181,0.011382174536156265
FARM_05,FARM_05_C016,train,0.838834608081479,0,0.8406098313188823,0.05284288559108118
FARM_05,FARM_05_C017,train,0.8120627118790944,0,0.85067091666693,0.02027402154697266
FARM_05,FARM_05_C018,train,0.8229444054386327,0,0.8012143337539015,0.3917095997426807
FARM_05,FARM_05_C019,train,0.8416751693250856,0,0.8697282846672999,0.001839119424815197
FARM_05,FARM_05_C020,train,0.845828437327625,0,0.811292856213096,0.2926525854028829
FARM_05,FARM_05_C021,train,0.8256791780480985,0,0.8279886903723155,0.13260336221389277
FARM_05,FARM_05_C022,train,0.8018311814673416,0,0.8019374183094068,0.3849870368885872
FARM_05,FARM_05_C023,train,0.815901276976057,0,0.8204337619421489,0.2003970854145684
FARM_05,FARM_05_C024,train,0.8286225047342861,0,0.8113686281816505,0.2918779373648699
FARM_05,FARM_05_C025,train,0.8100276445732633,0,0.8186557879323082,0.21784228578383089
FARM_05,FARM_05_C026,train,0.7826093684078937,1,0.8528566072481653,0.016016021218672537
FARM_05,FARM_05_C027,train,0.8380922621449713,0,0.8417246051498102,0.04800409105713987
FARM_05,FARM_05_C028,train,0.8111121333530437,0,0.8248068724353752,0.15967158983911708
FARM_05,FARM_05_C029,train,0.8208996357281431,0,0.8117749639776977,0.28772126618455324
FARM_05,FARM_05_C030,train,0.8276318117123076,0,0.8315216619861279,0.10563192723127884
FARM_05,FARM_05_C031,train,0.8245773911251981,0,0.8592187107382735,0.007612147945603338
FARM_05,FARM_05_C032,train,0.8547787787424064,0,0.8102276523932761,0.303521433016805
FARM_05,FARM_05_C033,train,0.8313232500616247,0,0.8515301423198677,0.018501641923529127
FARM_05,FARM_05_C034,train,0.8694854665190692,0,0.7921778642695201,0.46965468138525307
FARM_05,FARM_05_C035,train,0.8467902935991041,0,0.8117159042034077,0.28832566629359363
FARM_05,FARM_05_C036,train,0.7862616622448214,1,0.8100343079401373,0.30548907260822766
FARM_05,FARM_05_C037,train,0.8992102482781255,0,0.8735651040659326,0.0010305886054463446
FARM_05,FARM_05_C038,train,0.8171536878487147,0,0.7910847748339471,0.4784054120861252
FARM_05,FARM_05_C039,train,0.8077367360514819,0,0.7846485265888621,0.5281936175581148
FARM_05,FARM_05_C040,train,0.8267181558766384,0,0.8268082427572176,0.14235808494589672
FARM_05,FARM_05_C041,train,0.8438554644920335,0,0.8537624044533326,0.014482514224497148
FARM_05,FARM_05_C042,train,0.8185239805743758,0,0.8580334065405871,0.00880118636403962
FARM_05,FARM_05_C043,train,0.7564480065061433,1,0.7954093410865193,0.4430173485309981
FARM_05,FARM_05_C044,train,0.8067805599638616,0,0.8009120008722177,0.3944988497758211
FARM_05,FARM_05_C045,train,0.8380635381222978,0,0.8295334136773742,0.12038813711996837
FARM_05,FARM_05_C046,train,0.803969010098814,0,0.8624408247960222,0.005052410692093122
FARM_05,FARM_05_C047,train,0.8155618724810805,0,0.8024655704266344,0.3800314558071326
FARM_05,FARM_05_C048,train,0.8113311396431573,0,0.8471861705253257,0.028921839464372812
FARM_05,FARM_05_C049,train,0.8273458468557958,0,0.8104578117751079,0.30117683946319956
FARM_05,FARM_05_C050,train,0.8310575982868171,0,0.7981895346657732,0.41903322078327704
FARM_05,FARM_05_C051,train,0.8744790512077341,0,0.874787539005409,0.0008510584189108236
FARM_05,FARM_05_C052,train,0.8615249768151036,0,0.8230585549076658,0.17552152291679296
FARM_05,FARM_05_C053,train,0.8482780821735231,0,0.7544233543262779,0.7785055426064983
FARM_05,FARM_05_C054,train,0.8468363702028576,0,0.8786088300976922,0.00045787492598325425
FARM_05,FARM_05_C055,train,0.8316275971907003,0,0.8422927061415287,0.04566767783319567
FARM_05,FARM_05_C056,train,0.9067894689968136,0,0.8137418505759079,0.2675749092090607
FARM_05,FARM_05_C057,train,0.8146698340500215,0,0.8126002735551405,0.27926946725411345
FARM_05,FARM_05_C058,train,0.8038282453883693,0,0.8325885511271425,0.09817901877318774
FARM_05,FARM_05_C059,train,0.8050123331467969,0,0.8103405083463499,0.3023720894076501
FARM_05,FARM_05_C060,train,0.8173948740289062,0,0.8539111424031375,0.014242767497303901
FARM_05,FARM_05_C061,train,0.8097417409207683,0,0.847142926761928,0.029045039915341367
FARM_05,FARM_05_C062,train,0.8159181373776209,0,0.8344238614555222,0.08613738340385468
FARM_05,FARM_05_C063,train,0.7993760137703234,0,0.8132123215947716,0.27299863333449725
FARM_05,FARM_05_C064,train,0.7994601041510094,0,0.8459300868788187,0.03267145920672993
FARM_05,FARM_05_C065,train,0.8053890760451391,0,0.8346236668129177,0.08488645190189244
FARM_05,FARM_05_C066,train,0.8401175278564641,0,0.8109057841568424,0.2966070102068415
FARM_05,FARM_05_C067,train,0.8356420795533169,0,0.8577582216545683,0.009098879144594289
FARM_05,FARM_05_C068,train,0.8122603524552194,0,0.8127499161943451,0.2777363073277913
FARM_05,FARM_05_C069,train,0.7970753608857158,0,0.8030309241486062,0.3746852872959111
FARM_05,FARM_05_C070,train,0.7805751695217242,1,0.8080471823218123,0.3255821647763119
FARM_05,FARM_05_C071,train,0.8021698638350614,0,0.8364798013181298,0.07383066278002687
FARM_05,FARM_05_C072,train,0.7988447351096206,0,0.83294857131492,0.09573880392694098
FARM_05,FARM_05_C073,train,0.8221381516462416,0,0.7677838334492616,0.6618864139520968
FARM_05,FARM_05_C074,train,0.8427910990397656,0,0.8447332526209559,0.03658558732148713
FARM_05,FARM_05_C075,train,0.840827286522641,0,0.8302360024524056,0.11504688892679059
FARM_05,FARM_05_C076,train,0.801139697212075,0,0.8539063690679028,0.01425040987783045
FARM_05,FARM_05_C077,train,0.8207928768322914,0,0.8420737794990025,0.04655783419991916
FARM_05,FARM_05_C078,train,0.8563780079202419,0,0.8701777712464626,0.0017213817616161858
FARM_05,FARM_05_C079,train,0.8158696699432733,0,0.8108313946670185,0.2973664073082531
FARM_05,FARM_05_C080,train,0.8339141743886201,0,0.8631798661576382,0.004584483824843283
FARM_06,FARM_06_C001,train,0.8282039759024151,0,0.8388229366187833,0.06132122260847932
FARM_06,FARM_06_C002,train,0.8384503564315289,0,0.8084565090627848,0.32146543830732305
FARM_06,FARM_06_C003,train,0.8032243822377669,0,0.8182751137489648,0.2216275562869803
FARM_06,FARM_06_C004,train,0.8143306139007813,0,0.8315213644699868,0.10563405146343949
FARM_06,FARM_06_C005,train,0.8441112558081354,0,0.8452154082065033,0.03496757026756409
FARM_06,FARM_06_C006,train,0.8680770030141687,0,0.8234787289571932,0.1716551265876032
FARM_06,FARM_06_C007,train,0.8799344164414422,0,0.8694617967172226,0.0019122870605165173
FARM_06,FARM_06_C008,train,0.8327792688496845,0,0.8231275733819406,0.17488404692508805
FARM_06,FARM_06_C009,train,0.8582707723667531,0,0.8230971068653616,0.17516533120300898
FARM_06,FARM_06_C010,train,0.8428328711017092,0,0.841331064392893,0.04967352681717102
FARM_06,FARM_06_C011,train,0.8579570663859242,0,0.7807981974243662,0.5574689524877816
FARM_06,FARM_06_C012,train,0.8502883956692197,0,0.8510610032110485,0.019452971250782155
FARM_06,FARM_06_C013,train,0.8489078434157364,0,0.8398611155183116,0.056285618002086625
FARM_06,FARM_06_C014,train,0.8495799516508253,0,0.8240562694822751,0.1663985704843306
FARM_06,FARM_06_C015,train,0.874645780488463,0,0.822204580702548,0.18348357757235864
FARM_06,FARM_06_C016,train,0.8792826210299775,0,0.8581701501420175,0.00865637743079983
FARM_06,FARM_06_C017,train,0.8036686188923001,0,0.8519941257898465,0.01759854243130209
FARM_06,FARM_06_C018,train,0.7986300443822683,0,0.8255571309877525,0.1530717989064683
FARM_06,FARM_06_C019,train,0.8463265372087685,0,0.8742568345172874,0.0009251781011257972
FARM_06,FARM_06_C020,train,0.843156652081673,0,0.7953479006189885,0.44353566604450295
FARM_06,FARM_06_C021,train,0.8000379646819678,0,0.8026856483525545,0.37795538230187975
FARM_06,FARM_06_C022,train,0.7987413553396645,0,0.7945076584814172,0.45057571957506315
FARM_06,FARM_06_C023,train,0.789402090554934,0,0.8308695968125046,0.11034842496557497
FARM_06,FARM_06_C024,train,0.8376623485103829,0,0.8639912573024928,0.004114859036369066
FARM_06,FARM_06_C025,train,0.8353075464901767,0,0.8253156769465176,0.1551818846360585
FARM_06,FARM_06_C026,train,0.8072871283456291,0,0.803547085306501,0.3697676395093965
FARM_06,FARM_06_C027,train,0.8310864727743414,0,0.8180673222504611,0.22370027629161884
FARM_06,FARM_06_C028,train,0.8571797712027456,0,0.790382262327884,0.48397026191860465
FARM_06,FARM_06_C029,train,0.833112044406213,0,0.7979179430152741,0.42142313996280006
FARM_06,FARM_06_C030,train,0.8281371964190893,0,0.7959157920170457,0.4387261219735071
FARM_06,FARM_06_C031,train,0.8475202288733249,0,0.8491362384631527,0.023781311300634368
FARM_06,FARM_06_C032,train,0.8533802738731924,0,0.8187155308895749,0.217249685777751
FARM_06,FARM_06_C033,train,0.8810355179338282,0,0.8394194069796569,0.05839061100175949
FARM_06,FARM_06_C034,train,0.8948045973454786,0,0.8191868405850222,0.21258931841990533
FARM_06,FARM_06_C035,train,0.84445447003139,0,0.8347397030332208,0.08416540433980603
FARM_06,FARM_06_C036,train,0.8463091104874975,0,0.887063669884265,0.00010335099979560445
FARM_06,FARM_06_C037,train,0.8600704911082602,0,0.8363383840012751,0.0746371333104208
FARM_06,FARM_06_C038,train,0.856206157082388,0,0.8183927719451074,0.2204559262929598
FARM_06,FARM_06_C039,train,0.8218397870491938,0,0.8243890895142921,0.16340087485410068
FARM_06,FARM_06_C040,train,0.8192752717758229,0,0.8331219996014954,0.09457685942688991
FARM_06,FARM_06_C041,train,0.8467150516699997,0,0.8440479776453876,0.0389831924538822
FARM_06,FARM_06_C042,train,0.7788979063375752,1,0.8086617923532349,0.3193960681061681
FARM_06,FARM_06_C043,train,0.8738722123471699,0,0.8136128218685974,0.26889618501675716
FARM_06,FARM_06_C044,train,0.873194778385948,0,0.8163778546432938,0.24069970638181423
FARM_06,FARM_06_C045,train,0.8591137877558779,0,0.8491319202895571,0.02379182599100502
FARM_06,FARM_06_C046,train,0.8132972423946991,0,0.8186600972697373,0.21779952721860127
FARM_06,FARM_06_C047,train,0.8096521854299731,0,0.8410728880269682,0.05079162749464814
FARM_06,FARM_06_C048,train,0.8326682746251963,0,0.7930835918992261,0.46231072710857923
FARM_06,FARM_06_C049,train,0.8549710230607621,0,0.8192266067045679,0.21219733168091023
FARM_06,FARM_06_C050,train,0.8963284289984026,0,0.8421811482864734,0.04611967844169425
FARM_06,FARM_06_C051,train,0.8372539797482326,0,0.8511362696214894,0.019297713238541545
FARM_06,FARM_06_C052,train,0.8216648808543237,0,0.8641846399644078,0.004009373657675218
FARM_06,FARM_06_C053,train,0.8615239277096038,0,0.8390923630441173,0.059984868935179556
FARM_06,FARM_06_C054,train,0.8429862568463271,0,0.8560726516554997,0.011115781844176074
FARM_06,FARM_06_C055,train,0.9108610576855928,0,0.8693820302784356,0.001934689740857225
FARM_06,FARM_06_C056,train,0.8443188439569336,0,0.8778531619419189,0.0005189342726081731
FARM_06,FARM_06_C057,train,0.8521329662635773,0,0.8630519445042952,0.004662654947867248
FARM_06,FARM_06_C058,train,0.8620266394087057,0,0.8546553878851765,0.013092231378539864
FARM_06,FARM_06_C059,train,0.8819824647239773,0,0.8680427656998109,0.0023476145607377024
FARM_06,FARM_06_C060,train,0.8569984787888802,0,0.854613710201469,0.013154540210546121
FARM_06,FARM_06_C061,train,0.8644740110466465,0,0.8798949196628785,0.00036892548369224265
FARM_06,FARM_06_C062,train,0.8653766091651591,0,0.8402064212470648,0.0546783590062537
FARM_06,FARM_06_C063,train,0.8302893525523076,0,0.7853151908981706,0.5231215644886046
FARM_06,FARM_06_C064,train,0.8436323477855333,0,0.7966832292320728,0.43215856104626427
FARM_06,FARM_06_C065,train,0.8398238496948252,0,0.8133228055217434,0.2718667649582118
FARM_06,FARM_06_C066,train,0.8552220730633805,0,0.8102268909986396,0.3035291851673891
FARM_06,FARM_06_C067,train,0.8061540772020256,0,0.8134134156438522,0.27093856884630474
FARM_06,FARM_06_C068,train,0.862597333104226,0,0.7985782957163927,0.4155941445846495
FARM_06,FARM_06_C069,train,0.836616053948313,0,0.8593516718770611,0.007487804150007486
FARM_06,FARM_06_C070,train,0.8599007527433755,0,0.8314148861012768,0.10639592789331885
FARM_06,FARM_06_C071,train,0.8592974650098626,0,0.8616590075317212,0.005592273782689808
FARM_06,FARM_06_C072,train,0.8276234673066862,0,0.8361836702304383,0.0755261924455341
FARM_06,FARM_06_C073,train,0.9009349644936,0,0.831326475760271,0.10703099502777325
FARM_06,FARM_06_C074,train,0.8507725464263312,0,0.8752596959983279,0.0007897044428516254
FARM_06,FARM_06_C075,train,0.8477156621614913,0,0.8676421144275439,0.0024855742753909778
FARM_06,FARM_06_C076,train,0.8371164292209643,0,0.8372336702029192,0.06963090206978871
FARM_06,FARM_06_C077,train,0.8450598459952798,0,0.790846736285332,0.4802959196928175
FARM_06,FARM_06_C078,train,0.8433392647373321,0,0.877916392901496,0.0005135522655689059
FARM_06,FARM_06_C079,train,0.8763252741022873,0,0.8363352407906918,0.07465512536340417
FARM_06,FARM_06_C080,train,0.8546803738392185,0,0.85422495856033,0.013747763487753039
FARM_07,FARM_07_C001,train,0.8502645475374784,0,0.8466294274967168,0.030539753033215343
FARM_07,FARM_07_C002,train,0.82823261734149,0,0.8189583841994132,0.21484502552787427
FARM_07,FARM_07_C003,train,0.8584677110677655,0,0.8254748793368221,0.1537890995288745
FARM_07,FARM_07_C004,train,0.8785600113601577,0,0.865000346302355,0.0035901484090257413
FARM_07,FARM_07_C005,train,0.79774013046912,0,0.8189827593542042,0.21460405290766887
FARM_07,FARM_07_C006,train,0.8322142776532291,0,0.8669723353541033,0.0027323897208612045
FARM_07,FARM_07_C007,train,0.8195810983043172,0,0.8220190322893702,0.18523116861695318
FARM_07,FARM_07_C008,train,0.8361110217630688,0,0.8669084882524516,0.002757018389928997
FARM_07,FARM_07_C009,train,0.9032188272404128,0,0.8243275511540742,0.1639533758799558
FARM_07,FARM_07_C010,train,0.8933565933703866,0,0.8858527841949826,0.00012918432727726433
FARM_07,FARM_07_C011,train,0.8842881541403715,0,0.8469081979489387,0.02972099582283486
FARM_07,FARM_07_C012,train,0.8999392612840973,0,0.8502949238890756,0.021091839089219758
FARM_07,FARM_07_C013,train,0.8427445316220923,0,0.8390492749404951,0.06019718898749598
FARM_07,FARM_07_C014,train,0.8751887311800262,0,0.8627978360222772,0.004821403207207462
FARM_07,FARM_07_C015,train,0.9171102818921852,0,0.84610041947765,0.032141897664726735
FARM_07,FARM_07_C016,train,0.8651305842463144,0,0.8490923255995564,0.023888412379448908
FARM_07,FARM_07_C017,train,0.8642395262536525,0,0.8744407557744874,0.0008988514271304337
FARM_07,FARM_07_C018,train,0.8749372465487828,0,0.8387779312589757,0.06154647867721031
FARM_07,FARM_07_C019,train,0.8468444861779932,0,0.8648272481551751,0.003675729365025233
FARM_07,FARM_07_C020,train,0.8242300215558205,0,0.8604598190423652,0.006517731708887869
FARM_07,FARM_07_C021,train,0.833797285072831,0,0.8350781128667139,0.0820853079760122
FARM_07,FARM_07_C022,train,0.8423622942869851,0,0.8379000987907967,0.06605702149477835
FARM_07,FARM_07_C023,train,0.8510166173564054,0,0.8267119841158568,0.14316896067395962
FARM_07,FARM_07_C024,train,0.8087434109415671,0,0.8447257416014271,0.03661123928590422
FARM_07,FARM_07_C025,train,0.7875205818523576,0,0.8088285776507397,0.31771254881791416
FARM_07,FARM_07_C026,train,0.8908977060993055,0,0.8678846254636381,0.002401230673239811
FARM_07,FARM_07_C027,train,0.7999292095616,0,0.7956231121840067,0.441210135121836
FARM_07,FARM_07_C028,train,0.8294811054708124,0,0.8539243660792273,0.014221613457032684
FARM_07,FARM_07_C029,train,0.8374853400481732,0,0.8417296865898319,0.04798280913646651
FARM_07,FARM_07_C030,train,0.8673935811459959,0,0.8566595934453543,0.010374361548444592
FARM_07,FARM_07_C031,train,0.8331786260870842,0,0.8618633859597289,0.0054465108546714065
FARM_07,FARM_07_C032,train,0.8206862860187947,0,0.8572496086566963,0.009671714449353027
FARM_07,FARM_07_C033,train,0.8620606436798779,0,0.8935452596320521,2.9578869721838714e-05
FARM_07,FARM_07_C034,train,0.8535554375514147,0,0.875892841383593,0.0007137571146132956
FARM_07,FARM_07_C035,train,0.8870012762393836,0,0.8581397867246129,0.008688354679944657
FARM_07,FARM_07_C036,train,0.8310419917456868,0,0.8943601810942957,2.51025029409059e-05
FARM_07,FARM_07_C037,train,0.8789840863876912,0,0.820188861239381,0.20277479490032602
FARM_07,FARM_07_C038,train,0.8788697347256502,0,0.8631384463601901,0.004609668324172373
FARM_07,FARM_07_C039,train,0.8101422972738533,0,0.8558032328590822,0.01147080606282698
FARM_07,FARM_07_C040,train,0.8518244118656096,0,0.8113732052528806,0.29183113889057716
FARM_07,FARM_07_C041,train,0.8416103591970299,0,0.8752551900490237,0.0007902703946855562
FARM_07,FARM_07_C042,train,0.870134655989996,0,0.7707552086125546,0.6369430610089541
FARM_07,FARM_07_C043,train,0.8582789961175095,0,0.8153448065849979,0.2511959072738483
FARM_07,FARM_07_C044,train,0.8503994411419484,0,0.8633570825263316,0.004478086309088647
FARM_07,FARM_07_C045,train,0.8175727808847106,0,0.830851320439551,0.11048236683731398
FARM_07,FARM_07_C046,train,0.8325621000605384,0,0.8305076584824138,0.11301855774752224
FARM_07,FARM_07_C047,train,0.8437798472616326,0,0.8080284907384337,0.3257698372533353
FARM_07,FARM_07_C048,train,0.8852812771389422,0,0.8383803156661951,0.06356192069327633
FARM_07,FARM_07_C049,train,0.8106898603556039,0,0.8530464571037363,0.01568395014657851
FARM_07,FARM_07_C050,train,0.8083895872569892,0,0.8521329472259009,0.017335483440774322
FARM_07,FARM_07_C051,train,0.894579261071111,0,0.8281414036551799,0.13136751257592894
FARM_07,FARM_07_C052,train,0.8565186448628667,0,0.8122225625565236,0.2831386059128457
FARM_07,FARM_07_C053,train,0.9036784950218284,0,0.8395090418498229,0.05795897937741084
FARM_07,FARM_07_C054,train,0.8883859077162989,0,0.8734833390632465,0.0010437433705581887
FARM_07,FARM_07_C055,train,0.8831781235607021,0,0.8678570768178374,0.002410681678722807
FARM_07,FARM_07_C056,train,0.8815805050566587,0,0.8852152495329478,0.00014509220601952104
FARM_07,FARM_07_C057,train,0.8908266103728987,0,0.8440397706570573,0.03901261380844255
FARM_07,FARM_07_C058,train,0.8919268979084103,0,0.8658022663099157,0.003216194816884866
FARM_07,FARM_07_C059,train,0.9030332862084008,0,0.8576493780856438,0.009218972142524788
FARM_07,FARM_07_C060,train,0.8532105118435596,0,0.7919094354145866,0.47181455175522957
FARM_07,FARM_07_C061,train,0.8660237807871922,0,0.8212862107392085,0.1921913140237301
FARM_07,FARM_07_C062,train,0.846459329284987,0,0.8509091110242374,0.019769391704546446
FARM_07,FARM_07_C063,train,0.8646254009521883,0,0.8760425930345405,0.00069679801642086
FARM_07,FARM_07_C064,train,0.8186441750081044,0,0.8433214281247182,0.041653756877009215
FARM_07,FARM_07_C065,train,0.859435955755883,0,0.8148293775057692,0.2564531689018328
FARM_07,FARM_07_C066,train,0.8302192068021259,0,0.8382344244469546,0.0643128669713987
FARM_07,FARM_07_C067,train,0.8326918979604383,0,0.8461486182268382,0.031993267807953564
FARM_07,FARM_07_C068,train,0.8382758107786346,0,0.8096760048230279,0.30913040168471395
FARM_07,FARM_07_C069,train,0.8257397124309699,0,0.8256551408833093,0.15221911519453274
FARM_07,FARM_07_C070,train,0.8682848997907466,0,0.8359054046388051,0.07714303942410533
FARM_07,FARM_07_C071,train,0.9183250042974652,0,0.8414863785927382,0.04900965376523275
FARM_07,FARM_07_C072,train,0.8387291031044951,0,0.8429882909886929,0.04292340622965758
FARM_07,FARM_07_C073,train,0.8390556755469412,0,0.846160300887312,0.03195732286022024
FARM_07,FARM_07_C074,train,0.8354240510479611,0,0.8477253085959817,0.027420149277093755
FARM_07,FARM_07_C075,train,0.8647108405827539,0,0.8569267394245773,0.010051034701972099
FARM_07,FARM_07_C076,train,0.9032249373671096,0,0.8369672427658083,0.07109606182925389
FARM_07,FARM_07_C077,train,0.8888396098020963,0,0.879377008707091,0.0004026334457123609
FARM_07,FARM_07_C078,train,0.8762446946681914,0,0.8487947708761261,0.024624353998613305
FARM_07,FARM_07_C079,train,0.921535238645413,0,0.8601526225750363,0.006775110267010212
FARM_07,FARM_07_C080,train,0.881936685540925,0,0.8508491166645648,0.019895520117234448
FARM_08,FARM_08_C001,train,0.8341409127526831,0,0.8375896889372242,0.06770552627100683
FARM_08,FARM_08_C002,train,0.9334253962734,0,0.827664563734595,0.135246452081266
FARM_08,FARM_08_C003,train,0.8494247949115452,0,0.8551808844039981,0.012327565097307537
FARM_08,FARM_08_C004,train,0.8292758116634815,0,0.821078341775782,0.19418181421636488
FARM_08,FARM_08_C005,train,0.8576810914606189,0,0.8392968978214819,0.05898424156574751
FARM_08,FARM_08_C006,train,0.8800636793191373,0,0.8589532853888432,0.00786568419985669
FARM_08,FARM_08_C007,train,0.93732963973358,0,0.8276316864523051,0.1355160625968246
FARM_08,FARM_08_C008,train,0.8884877842330432,0,0.8614981842069201,0.005709346709234566
FARM_08,FARM_08_C009,train,0.9137920309386084,0,0.8493024247222695,0.023379473516852208
FARM_08,FARM_08_C010,train,0.8994681611258677,0,0.9041923150984074,3.073544400895123e-06
FARM_08,FARM_08_C011,train,0.8663737496300281,0,0.883214141906184,0.00020765759014819464
FARM_08,FARM_08_C012,train,0.9087039944634094,0,0.852551511208059,0.016561826897263234
FARM_08,FARM_08_C013,train,0.878565444137531,0,0.8915249320392848,4.4137740274355305e-05
FARM_08,FARM_08_C014,train,0.8632263512163807,0,0.8888781371484579,7.352059388546442e-05
FARM_08,FARM_08_C015,train,0.8793326143362694,0,0.8892295916369735,6.876758140894037e-05
FARM_08,FARM_08_C016,train,0.858622611655611,0,0.8759935457578383,0.0007023115639310661
FARM_08,FARM_08_C017,train,0.8326023705797757,0,0.8840218250514444,0.00017987769252530097
FARM_08,FARM_08_C018,train,0.8833332199818851,0,0.861140347572957,0.005977503183168716
FARM_08,FARM_08_C019,train,0.8785199613722197,0,0.8712265052697103,0.0014725926767522098
FARM_08,FARM_08_C020,train,0.8899248198396545,0,0.8580464762891881,0.00878725692419939
FARM_08,FARM_08_C021,train,0.865151288832519,0,0.8514927679760889,0.018576008158785975
FARM_08,FARM_08_C022,train,0.886865741887628,0,0.8729944878246908,0.0011256204789906277
FARM_08,FARM_08_C023,train,0.819118530070863,0,0.8508157812714202,0.01996588485990603
FARM_08,FARM_08_C024,train,0.867932328109037,0,0.8606771665981287,0.006340777910684619
FARM_08,FARM_08_C025,train,0.8209467393217954,0,0.8441039843646283,0.03878286340380796
FARM_08,FARM_08_C026,train,0.8456008988402575,0,0.8465772086247735,0.030695066565025967
FARM_08,FARM_08_C027,train,0.8832726925538683,0,0.8498827633315983,0.022018810837591732
FARM_08,FARM_08_C028,train,0.9090155876082509,0,0.8847844025017306,0.00015685587642744146
FARM_08,FARM_08_C029,train,0.8928201822228948,0,0.8363127702910929,0.0747838337090776
FARM_08,FARM_08_C030,train,0.8803666490740625,0,0.8683172906953596,0.0022570710383420663
FARM_08,FARM_08_C031,train,0.83998662506843,0,0.8546064530696608,0.013165415055501263
FARM_08,FARM_08_C032,train,0.8787389864850595,0,0.8664613987518923,0.0029350771314617615
FARM_08,FARM_08_C033,train,0.8535469781785663,0,0.8269963984839601,0.14077969415405026
FARM_08,FARM_08_C034,train,0.9060860221902932,0,0.8853170960842804,0.0001424341321859611
FARM_08,FARM_08_C035,train,0.92550662681807,0,0.888964914429921,7.231922764796154e-05
FARM_08,FARM_08_C036,train,0.8712623619977263,0,0.8558081365554971,0.01146425987956295
FARM_08,FARM_08_C037,train,0.9289585894253808,0,0.8923273377032374,3.769267013478181e-05
FARM_08,FARM_08_C038,train,0.8843737264184828,0,0.9019188375753922,5.094935278084622e-06
FARM_08,FARM_08_C039,train,0.8852643302769846,0,0.9232405343296135,1e-06
FARM_08,FARM_08_C040,train,0.919473294978098,0,0.8452042222356463,0.03500447253005849
FARM_08,FARM_08_C041,train,0.8555966608545279,0,0.8347140900826459,0.08432421990584388
FARM_08,FARM_08_C042,train,0.8774973850793166,0,0.8587131785435912,0.008101244366352858
FARM_08,FARM_08_C043,train,0.8190733180975374,0,0.8398819980437503,0.05618746595333465
FARM_08,FARM_08_C044,train,0.8895804703989567,0,0.8738862319520816,0.0009803671867304714
FARM_08,FARM_08_C045,train,0.8896607297264874,0,0.8254863665000474,0.1536888285980156
FARM_08,FARM_08_C046,train,0.857808456186453,0,0.8369592805901859,0.07114016884834948
FARM_08,FARM_08_C047,train,0.8190485927386517,0,0.8285613274087789,0.12800080372864037
FARM_08,FARM_08_C048,train,0.8992714168020745,0,0.8328922155767503,0.09611827810292557
FARM_08,FARM_08_C049,train,0.8500031673392467,0,0.8294962111077667,0.12067475886267777
FARM_08,FARM_08_C050,train,0.8656208945278752,0,0.8832082085339065,0.00020787564998767008
FARM_08,FARM_08_C051,train,0.886436497652461,0,0.8567035762089983,0.01032053103434093
FARM_08,FARM_08_C052,train,0.8618447220639058,0,0.857996178121713,0.008840966936662146
FARM_08,FARM_08_C053,train,0.8840611616944707,0,0.8726460668839182,0.0011874828670263486
FARM_08,FARM_08_C054,train,0.868378228331379,0,0.8695704440209333,0.0018821472079871902
FARM_08,FARM_08_C055,train,0.9691101883852252,0,0.8766850505741935,0.0006281378947915672
FARM_08,FARM_08_C056,train,0.9044930859930598,0,0.8730008212981031,0.0011245234992331697
FARM_08,FARM_08_C057,train,0.8858367566925873,0,0.8354469661371162,0.07985672869040794
FARM_08,FARM_08_C058,train,0.8953640637053865,0,0.8585643981476615,0.008250220541716268
FARM_08,FARM_08_C059,train,0.8573637494371003,0,0.8043549500954692,0.3620028180237524
FARM_08,FARM_08_C060,train,0.95543505250888,0,0.86947064358874,0.0019098167670814604
FARM_08,FARM_08_C061,train,0.854247131344242,0,0.8943840253374898,2.4981695067865243e-05
FARM_08,FARM_08_C062,train,0.8589038909643754,0,0.8484547168848675,0.025487481658466517
FARM_08,FARM_08_C063,train,0.8597993319897558,0,0.833399398881649,0.09273669160650119
FARM_08,FARM_08_C064,train,0.8973340549407317,0,0.8894433000785391,6.601986020590703e-05
FARM_08,FARM_08_C065,train,0.8902031804110495,0,0.8860112450725187,0.0001254908528807022
FARM_08,FARM_08_C066,train,0.8554505447770118,0,0.8808133378590156,0.00031547028062328246
FARM_08,FARM_08_C067,train,0.8542356863377094,0,0.8441932302230525,0.038465262119090966
FARM_08,FARM_08_C068,train,0.8423201643569244,0,0.8627169350108915,0.0048729260884445395
FARM_08,FARM_08_C069,train,0.8230392304054246,0,0.8402316896981928,0.05456205758486408
FARM_08,FARM_08_C070,train,0.8688265307676084,0,0.8143565460121872,0.261284710920623
FARM_08,FARM_08_C071,train,0.876309627872621,0,0.8498744610330271,0.022037815687370076
FARM_08,FARM_08_C072,train,0.8971077366393849,0,0.8507166357584354,0.020176359450998792
FARM_08,FARM_08_C073,train,0.8408986559018412,0,0.8623554551378634,0.005109060349703271
FARM_08,FARM_08_C074,train,0.9276488112894672,0,0.8837229600482759,0.00018972776597228123
FARM_08,FARM_08_C075,train,0.8860471850867897,0,0.8620671926622913,0.005304460092680038
FARM_08,FARM_08_C076,train,0.8909227370628727,0,0.8841366159900206,0.0001762223124680308
FARM_08,FARM_08_C077,train,0.8762002654699921,0,0.8919093166697889,4.093079243448852e-05
FARM_08,FARM_08_C078,train,0.9587594146818724,0,0.8899349771790682,6.008409511194576e-05
FARM_08,FARM_08_C079,train,0.8652137509314839,0,0.8676275176344,0.0024907341428353617
FARM_08,FARM_08_C080,train,0.906054697453686,0,0.8725017673544141,0.001213992449156861
FARM_09,FARM_09_C001,train,0.8636072768946408,0,0.8945705905217,2.405522497261607e-05
FARM_09,FARM_09_C002,train,0.863297857137905,0,0.8438610223940457,0.039657607143528006
FARM_09,FARM_09_C003,train,0.8480396301436222,0,0.8481406666951412,0.02630586088242676
FARM_09,FARM_09_C004,train,0.8922671437566323,0,0.8356929366948189,0.07839299136845078
FARM_09,FARM_09_C005,train,0.8525788796195438,0,0.8719103358543785,0.0013283305928645207
FARM_09,FARM_09_C006,train,0.9151032771284232,0,0.8855016766612233,0.0001377320174786711
FARM_09,FARM_09_C007,train,0.8811148734602468,0,0.8377959442472428,0.06660702766708401
FARM_09,FARM_09_C008,train,0.904034456858563,0,0.8339302217854326,0.08927858085337972
FARM_09,FARM_09_C009,train,0.9028756273953082,0,0.9115835233026405,1e-06
FARM_09,FARM_09_C010,train,0.8954794636760168,0,0.9000396129059317,7.66764291189318e-06
FARM_09,FARM_09_C011,train,0.9281182836967,0,0.8535096399811469,0.014897631886048071
FARM_09,FARM_09_C012,train,0.926273179075458,0,0.8355782109661614,0.0790734794263099
FARM_09,FARM_09_C013,train,0.8638006817989655,0,0.8793873287907144,0.00040193495858730985
FARM_09,FARM_09_C014,train,0.9043951706947064,0,0.9074586582623179,1.4561087419836375e-06
FARM_09,FARM_09_C015,train,0.9254363741977782,0,0.8826842424814137,0.00022799170288117596
FARM_09,FARM_09_C016,train,0.8901050128712222,0,0.8581367436263466,0.008691565077190152
FARM_09,FARM_09_C017,train,0.9120259949070292,0,0.8475588802585579,0.0278769788589616
FARM_09,FARM_09_C018,train,0.8838538531284552,0,0.8669001184055722,0.0027602615935250485
FARM_09,FARM_09_C019,train,0.8642837447285627,0,0.8149135174144437,0.25559421355704914
FARM_09,FARM_09_C020,train,0.9406781473780051,0,0.8575763419451472,0.009300311782051684
FARM_09,FARM_09_C021,train,0.9012818582917994,0,0.880529529066767,0.00033117214714238526
FARM_09,FARM_09_C022,train,0.8682923746977804,0,0.8333507805521223,0.09305757268701798
FARM_09,FARM_09_C023,train,0.8749165307413272,0,0.8619816832894407,0.005363661214476053
FARM_09,FARM_09_C024,train,0.8705749316917122,0,0.8150666455565349,0.2540316958273948
FARM_09,FARM_09_C025,train,0.8202118441554729,0,0.8531750588254635,0.015462261955765316
FARM_09,FARM_09_C026,train,0.8553188976915771,0,0.8457809900201352,0.03314054132465003
FARM_09,FARM_09_C027,train,0.8869200253826747,0,0.8590032987136826,0.00781736448690676
FARM_09,FARM_09_C028,train,0.9125442448468482,0,0.8990568699511575,9.464332926587635e-06
FARM_09,FARM_09_C029,train,0.8575036495452506,0,0.8860378983192194,0.00012487936579815142
FARM_09,FARM_09_C030,train,0.93086974323592,0,0.8784660460225329,0.00046888027652348556
FARM_09,FARM_09_C031,train,0.850375669218106,0,0.9046943384342225,2.7445489012323254e-06
FARM_09,FARM_09_C032,train,0.8760039805657154,0,0.8694870824908102,0.0019052341620110075
FARM_09,FARM_09_C033,train,0.9093118287996236,0,0.8785918610297615,0.00045917030543444077
FARM_09,FARM_09_C034,train,0.9320794645791918,0,0.8937788280316339,2.822433278968024e-05
FARM_09,FARM_09_C035,train,0.9341717576816846,0,0.8970984920748717,1.4302297460224885e-05
FARM_09,FARM_09_C036,train,0.8585203580739941,0,0.8864722527621928,0.00011529772367493839
FARM_09,FARM_09_C037,train,0.922819000938096,0,0.9012126610740531,5.94652678686218e-06
FARM_09,FARM_09_C038,train,0.9535571307248524,0,0.8730745782656422,0.0011118196682269833
FARM_09,FARM_09_C039,train,0.8448093219321977,0,0.8973709181550487,1.3511107515054341e-05
FARM_09,FARM_09_C040,train,0.9017767875959258,0,0.8788741542313363,0.0004380526096694969
FARM_09,FARM_09_C041,train,0.9306711022794638,0,0.8946367175074924,2.3734702406840157e-05
FARM_09,FARM_09_C042,train,0.8702786459975869,0,0.8556466946535762,0.011681437838861407
FARM_09,FARM_09_C043,train,0.8563834940774107,0,0.8392998908259769,0.058969687741171076
FARM_09,FARM_09_C044,train,0.8314549433114837,0,0.8658174848197013,0.003209444490072727
FARM_09,FARM_09_C045,train,0.8608825040607038,0,0.8551021605878337,0.012439673553215319
FARM_09,FARM_09_C046,train,0.90167337055465,0,0.8866491362775047,0.00011159599906259747
FARM_09,FARM_09_C047,train,0.8772642287101355,0,0.8409983392430846,0.051117876482022796
FARM_09,FARM_09_C048,train,0.8689013030114048,0,0.8572517669729076,0.009669220289715827
FARM_09,FARM_09_C049,train,0.8922992077114904,0,0.8743497826473559,0.0009117870333600498
FARM_09,FARM_09_C050,train,0.9208710837368732,0,0.8656827056684352,0.0032696657003952693
FARM_09,FARM_09_C051,train,0.8915258858605373,0,0.8887483689230108,7.535206293516345e-05
FARM_09,FARM_09_C052,train,0.8742943271233283,0,0.886720272915532,0.00011013880669561304
FARM_09,FARM_09_C053,train,0.8910820638818714,0,0.8874340739731441,9.646854635309372e-05
FARM_09,FARM_09_C054,train,0.9024593464139774,0,0.8697267889021438,0.0018395229976799878
FARM_09,FARM_09_C055,train,0.9075854309285172,0,0.9272803821085206,1e-06
FARM_09,FARM_09_C056,train,0.8953462603694471,0,0.9284903123408405,1e-06
FARM_09,FARM_09_C057,train,0.9034457198958172,0,0.8691866570695681,0.0019905576411638507
FARM_09,FARM_09_C058,train,0.8748038709052836,0,0.8916962316288352,4.268043833957951e-05
FARM_09,FARM_09_C059,train,0.8564405556325576,0,0.8756293173808893,0.0007445184182071269
FARM_09,FARM_09_C060,train,0.8399883072723671,0,0.9041807718732435,3.081534725208386e-06
FARM_09,FARM_09_C061,train,0.8798925507347226,0,0.8016035332452999,0.38810017355003823
FARM_09,FARM_09_C062,train,0.884582473013193,0,0.8482758470971936,0.025951072312691507
FARM_09,FARM_09_C063,train,0.8527130028178207,0,0.8549155792050083,0.012708798954595597
FARM_09,FARM_09_C064,train,0.8462763964263673,0,0.8346982783216992,0.08442235925403167
FARM_09,FARM_09_C065,train,0.9337501037106376,0,0.8393368134461424,0.058790357190443364
FARM_09,FARM_09_C066,train,0.8206687658571588,0,0.8345847101245418,0.08512942234925654
FARM_09,FARM_09_C067,train,0.8565736110684896,0,0.8166828549480424,0.23761365311594326
FARM_09,FARM_09_C068,train,0.899857501748611,0,0.8731918501897639,0.0010918884659161401
FARM_09,FARM_09_C069,train,0.8838424658395874,0,0.8557898510404033,0.01148868613367766
FARM_09,FARM_09_C070,train,0.8937677045509271,0,0.8667945579796976,0.0028014567824359753
FARM_09,FARM_09_C071,train,0.8992020130042938,0,0.8766686950563769,0.0006298061489630773
FARM_09,FARM_09_C072,train,0.8822600528306792,0,0.8762381892179092,0.0006752014476344272
FARM_09,FARM_09_C073,train,0.8963995258422621,0,0.8289415552242315,0.12499276811356407
FARM_09,FARM_09_C074,train,0.911043385642083,0,0.8691298449989893,0.0020070722754581827
FARM_09,FARM_09_C075,train,0.8796424726181213,0,0.8771070010955123,0.00058647220931707
FARM_09,FARM_09_C076,train,0.9030103867128504,0,0.8980931381118834,1.1609445947345654e-05
FARM_09,FARM_09_C077,train,0.911046695909258,0,0.8966193096942932,1.5801492490667022e-05
FARM_09,FARM_09_C078,train,0.8954080550975057,0,0.8752316235969975,0.0007932363930892245
FARM_09,FARM_09_C079,train,0.9044360299781344,0,0.9261050475158167,1e-06
FARM_09,FARM_09_C080,train,0.9348572599643338,0,0.9246044506713045,1e-06
FARM_10,FARM_10_C001,holdout,0.9184848392895713,0,0.8451857669425782,0.03506542172835369
FARM_10,FARM_10_C002,holdout,0.84834184959657,0,0.8773800828788558,0.0005608721574888761
FARM_10,FARM_10_C003,holdout,0.8345525540476921,0,0.8680402159595676,0.0023484704872335353
FARM_10,FARM_10_C004,holdout,0.8852145805226947,0,0.8180911227502503,0.22346264075186204
FARM_10,FARM_10_C005,holdout,0.8864223420075874,0,0.8753428841774291,0.0007793220776740844
FARM_10,FARM_10_C006,holdout,0.8675191638606234,0,0.8408935098339008,0.05157922680064378
FARM_10,FARM_10_C007,holdout,0.8891496614101952,0,0.840404913473902,0.05376957469620143
FARM_10,FARM_10_C008,holdout,0.8923442576386871,0,0.9105725909887525,1e-06
FARM_10,FARM_10_C009,holdout,0.9604232168290088,0,0.8575184248576467,0.009365247230343305
FARM_10,FARM_10_C010,holdout,0.8833776437837166,0,0.8716229708461818,0.001387322578300202
FARM_10,FARM_10_C011,holdout,0.9126037788821322,0,0.8905397126652725,5.346969062325283e-05
FARM_10,FARM_10_C012,holdout,0.9612454211989124,0,0.8713722128247572,0.0014407202925096957
FARM_10,FARM_10_C013,holdout,0.9380034301853734,0,0.8927402214013667,3.473226411822904e-05
FARM_10,FARM_10_C014,holdout,0.9413593033397046,0,0.8949140234142111,2.2433981727561112e-05
FARM_10,FARM_10_C015,holdout,0.937122471552408,0,0.8866871687675519,0.00011081470211570774
FARM_10,FARM_10_C016,holdout,0.928823277619948,0,0.8838303516907958,0.00018613206380414116
FARM_10,FARM_10_C017,holdout,0.9157446159894996,0,0.9109748112598113,1e-06
FARM_10,FARM_10_C018,holdout,0.9219155549025292,0,0.8805088630602493,0.0003323432140222208
FARM_10,FARM_10_C019,holdout,0.9172836488627688,0,0.8784911846322864,0.0004669252153736756
FARM_10,FARM_10_C020,holdout,0.8914012839273655,0,0.8840842445340903,0.00017788137138899948
FARM_10,FARM_10_C021,holdout,0.9123112972331736,0,0.8628547158942161,0.004785464186230387
FARM_10,FARM_10_C022,holdout,0.9190803093722406,0,0.8565483984500463,0.010511514837655436
FARM_10,FARM_10_C023,holdout,0.8922977407355015,0,0.8387357963439431,0.0617578955486858
FARM_10,FARM_10_C024,holdout,0.9011286408298445,0,0.8570322994510242,0.009925652963196498
FARM_10,FARM_10_C025,holdout,0.9482814944874683,0,0.8436687281474456,0.04036047844117337
FARM_10,FARM_10_C026,holdout,0.8957010344043247,0,0.8620790677958583,0.005296283709301133
FARM_10,FARM_10_C027,holdout,0.9055170019927836,0,0.8385570875283856,0.06266026760627012
FARM_10,FARM_10_C028,holdout,0.9147195003301,0,0.8643012090248553,0.003946943185654179
FARM_10,FARM_10_C029,holdout,0.880637472980196,0,0.8753980979565539,0.000772499954644968
FARM_10,FARM_10_C030,holdout,0.9180325681275214,0,0.8673473333401434,0.0025916441904529543
FARM_10,FARM_10_C031,holdout,0.9152697628288672,0,0.8608531166103083,0.006200588623685864
FARM_10,FARM_10_C032,holdout,0.9152734103735144,0,0.8908666067294578,5.018529113513867e-05
FARM_10,FARM_10_C033,holdout,0.9440661401147578,0,0.8930776271577127,3.2477115864689e-05
FARM_10,FARM_10_C034,holdout,0.9161275808086748,0,0.9119684040932785,1e-06
FARM_10,FARM_10_C035,holdout,0.933088621957483,0,0.8749129735214837,0.0008343491395461355
FARM_10,FARM_10_C036,holdout,0.9317280118815452,0,0.8859130195041066,0.00012776855833760678
FARM_10,FARM_10_C037,holdout,0.8731113992398837,0,0.8781016184685518,0.0004980798549185615
FARM_10,FARM_10_C038,holdout,0.94649486224028,0,0.8837485409181903,0.00018886545868187645
FARM_10,FARM_10_C039,holdout,0.943822681833416,0,0.8733047661906722,0.001073004235342226
FARM_10,FARM_10_C040,holdout,0.8804433064276715,0,0.8949294859683233,2.2363472905406206e-05
FARM_10,FARM_10_C041,holdout,0.9406071945542982,0,0.8914781219749398,4.454403494823656e-05
FARM_10,FARM_10_C042,holdout,0.9372703465695692,0,0.8907470421213834,5.136396594303887e-05
FARM_10,FARM_10_C043,holdout,0.9101487223189396,0,0.8452917373038338,0.03471656233586899
FARM_10,FARM_10_C044,holdout,0.9385148447378332,0,0.8721480969607327,0.0012812448803255392
FARM_10,FARM_10_C045,holdout,0.8593511672554764,0,0.8968900405721495,1.49371165133588e-05
FARM_10,FARM_10_C046,holdout,0.9205806109926686,0,0.8430115187594363,0.0428339496224334
FARM_10,FARM_10_C047,holdout,0.885933025490935,0,0.8920592338456501,3.974050560973364e-05
FARM_10,FARM_10_C048,holdout,0.8884528166619278,0,0.8674906872325361,0.002539568677168761
FARM_10,FARM_10_C049,holdout,0.9162882252302864,0,0.8322313393771228,0.10063760025897844
FARM_10,FARM_10_C050,holdout,0.8955872594117006,0,0.8512877453170581,0.01898831550605462
FARM_10,FARM_10_C051,holdout,0.8988602310075958,0,0.8963217022259383,1.6806236183090163e-05
FARM_10,FARM_10_C052,holdout,0.9445664982446874,0,0.8989574982730952,9.666764410063922e-06
FARM_10,FARM_10_C053,holdout,0.9176026334835756,0,0.8884808426532343,7.926341398372335e-05
FARM_10,FARM_10_C054,holdout,0.9376997081046754,0,0.8796825449777165,0.0003824202313722869
FARM_10,FARM_10_C055,holdout,0.9176381666724952,0,0.8768647148815131,0.0006100764858304198
FARM_10,FARM_10_C056,holdout,0.9443836845292796,0,0.846497548640462,0.030933187178416106
FARM_10,FARM_10_C057,holdout,0.9205274655328624,0,0.875878287989764,0.0007154251915662515
FARM_10,FARM_10_C058,holdout,0.9495588854250964,0,0.8841191821747147,0.00017677298952471123
FARM_10,FARM_10_C059,holdout,0.9195275931896654,0,0.9014962465382174,5.589430639466123e-06
FARM_10,FARM_10_C060,holdout,0.934489661980006,0,0.8901366271157344,5.779761020276303e-05
FARM_10,FARM_10_C061,holdout,0.9135124815530872,0,0.8671433202032441,0.0026673936075064016
FARM_10,FARM_10_C062,holdout,0.903502471353128,0,0.896849486014906,1.5063682649394177e-05
FARM_10,FARM_10_C063,holdout,0.8905131572722298,0,0.8776328064785407,0.0005380970612267852
FARM_10,FARM_10_C064,holdout,0.9564036468623096,0,0.8673625304289735,0.0025860789343321615
FARM_10,FARM_10_C065,holdout,0.937155200892796,0,0.8681963693314275,0.0022965617271294898
FARM_10,FARM_10_C066,holdout,0.9238899182954342,0,0.8655996037569246,0.0033072929548100326
FARM_10,FARM_10_C067,holdout,0.8935625265589352,0,0.8555627800381046,0.01179568450294347
FARM_10,FARM_10_C068,holdout,0.9447983045841954,0,0.8344369673686202,0.08605496835309867
FARM_10,FARM_10_C069,holdout,0.8851321178312962,0,0.8918395317310002,4.1496227277835106e-05
FARM_10,FARM_10_C070,holdout,0.9036286717227294,0,0.8849869030970371,0.00015122051888589633
FARM_10,FARM_10_C071,holdout,0.9177893272138318,0,0.8614753473690725,0.005726142505582369
FARM_10,FARM_10_C072,holdout,0.9165554448200388,0,0.8898746342613516,6.0784643902858834e-05
FARM_10,FARM_10_C073,holdout,0.9026717151553588,0,0.8658777440022186,0.003182838860916235
FARM_10,FARM_10_C074,holdout,0.9414702552098376,0,0.881014220394126,0.00030477495350206426
FARM_10,FARM_10_C075,holdout,0.9303853610598624,0,0.900868674120074,6.408843248666975e-06
FARM_10,FARM_10_C076,holdout,0.955286315126211,0,0.8981406123454238,1.1493776228946256e-05
FARM_10,FARM_10_C077,holdout,0.9036512992156897,0,0.8940404029242397,2.677689992471836e-05
FARM_10,FARM_10_C078,holdout,0.9118652340513972,0,0.9016719315111522,5.378545337051368e-06
FARM_10,FARM_10_C079,holdout,0.9114372269603032,0,0.8916121198800186,4.339025509927675e-05
FARM_10,FARM_10_C080,holdout,0.9245513685283224,0,0.8866350885996002,0.0001118858768120202
FARM_11,FARM_11_C001,holdout,0.8763547235220386,0,0.8892444598310625,6.857299962715759e-05
FARM_11,FARM_11_C002,holdout,0.9088857261399916,0,0.8515700772510937,0.018422450041514573
FARM_11,FARM_11_C003,holdout,0.9271314031496982,0,0.8750893732846301,0.0008113560560518835
FARM_11,FARM_11_C004,holdout,0.8759761275687699,0,0.8813422641166587,0.0002880269108549017
FARM_11,FARM_11_C005,holdout,0.8660175355395291,0,0.8422339052589064,0.045905510056814855
FARM_11,FARM_11_C006,holdout,0.9279717789075004,0,0.8855893407434599,0.0001355498261193796
FARM_11,FARM_11_C007,holdout,0.9112221566436736,0,0.8755121559896374,0.0007585792747641754
FARM_11,FARM_11_C008,holdout,0.948514074320964,0,0.8785546252300448,0.0004620246106161097
FARM_11,FARM_11_C009,holdout,0.9269740445264956,0,0.8655773812453584,0.003317419625816271
FARM_11,FARM_11_C010,holdout,0.9748727926973152,0,0.8676531873721295,0.002481666418917693
FARM_11,FARM_11_C011,holdout,0.8690606087546575,0,0.8880183333859458,8.647717050945e-05
FARM_11,FARM_11_C012,holdout,0.913048790213929,0,0.9081214274977633,1.2475305365102202e-06
FARM_11,FARM_11_C013,holdout,0.9624617415089392,0,0.9136941237687808,1e-06
FARM_11,FARM_11_C014,holdout,0.92980622477101,0,0.9121994454182432,1e-06
FARM_11,FARM_11_C015,holdout,0.9138918606151776,0,0.9001056471568731,7.559339062893969e-06
FARM_11,FARM_11_C016,holdout,0.8836145335397814,0,0.883875457322308,0.00018464078888287143
FARM_11,FARM_11_C017,holdout,0.9124933831039022,0,0.8846081683819936,0.0001619186521531231
FARM_11,FARM_11_C018,holdout,0.917761185767074,0,0.884215033075022,0.00017376502851947705
FARM_11,FARM_11_C019,holdout,0.8938287160105244,0,0.9051253911154306,2.4891516315739574e-06
FARM_11,FARM_11_C020,holdout,0.9018068196341502,0,0.8982335850987884,1.1270409124945965e-05
FARM_11,FARM_11_C021,holdout,0.91652249731697,0,0.8698840145063261,0.0017975340641064735
FARM_11,FARM_11_C022,holdout,0.9298570437044916,0,0.9117565403588281,1e-06
FARM_11,FARM_11_C023,holdout,0.9097362535104024,0,0.8691880852942476,0.0019901440449881943
FARM_11,FARM_11_C024,holdout,0.8859105051606443,0,0.8935676784955355,2.944624321250129e-05
FARM_11,FARM_11_C025,holdout,0.9482641538135598,0,0.867383294278747,0.0025784922951864095
FARM_11,FARM_11_C026,holdout,0.9452293163703004,0,0.876558719628718,0.0006411292460203402
FARM_11,FARM_11_C027,holdout,0.8952648680915654,0,0.8711166843955463,0.0014970336680046933
FARM_11,FARM_11_C028,holdout,0.896740999701311,0,0.8691006149444738,0.0020156168353050313
FARM_11,FARM_11_C029,holdout,0.8832706218143576,0,0.8874570941764957,9.60552726105597e-05
FARM_11,FARM_11_C030,holdout,0.915722288491738,0,0.8931699656601934,3.188442900517391e-05
FARM_11,FARM_11_C031,holdout,0.9359040918254924,0,0.9116849954141089,1e-06
FARM_11,FARM_11_C032,holdout,0.960307056640156,0,0.8931758579360463,3.184695677964711e-05
FARM_11,FARM_11_C033,holdout,0.9842917765600016,0,0.8945934900612689,2.3943769344721767e-05
FARM_11,FARM_11_C034,holdout,0.9159397172080916,0,0.8703864792111748,0.0016690518078545432
FARM_11,FARM_11_C035,holdout,0.966156140213584,0,0.9080617947264251,1.2650580669711736e-06
FARM_11,FARM_11_C036,holdout,0.9121310172765906,0,0.887704849706332,9.171092054684577e-05
FARM_11,FARM_11_C037,holdout,0.9144387129074738,0,0.8685694140755126,0.0021766767754100714
FARM_11,FARM_11_C038,holdout,0.9468477691620388,0,0.880181386440214,0.00035141746162719076
FARM_11,FARM_11_C039,holdout,0.9137947661892896,0,0.8847804142440051,0.00015696880197988805
FARM_11,FARM_11_C040,holdout,0.9237607741271108,0,0.8840570395428151,0.00017874890626985796
FARM_11,FARM_11_C041,holdout,0.8724219139040357,0,0.8925344538312104,3.6179133735549016e-05
FARM_11,FARM_11_C042,holdout,0.9372069773208171,0,0.8857623806397373,0.00013133663402708
FARM_11,FARM_11_C043,holdout,0.907011412142788,0,0.8820622355714575,0.0002542087673118957
FARM_11,FARM_11_C044,holdout,0.8952513478543072,0,0.8752640953290757,0.0007891522388912544
FARM_11,FARM_11_C045,holdout,0.9000082628169894,0,0.8502639398568564,0.021160406996664775
FARM_11,FARM_11_C046,holdout,0.8681559432974904,0,0.8811669965832775,0.00029686620567212046
FARM_11,FARM_11_C047,holdout,0.9062652244016988,0,0.8295825996239994,0.12000977411008767
FARM_11,FARM_11_C048,holdout,0.951785276129406,0,0.8509701377044461,0.019641761568659193
FARM_11,FARM_11_C049,holdout,0.8867721903638979,0,0.8602518437635374,0.006691036652384316
FARM_11,FARM_11_C050,holdout,0.892185399987357,0,0.8762995752365352,0.0006685507519956985
FARM_11,FARM_11_C051,holdout,0.9683382333852072,0,0.8786964327763199,0.0004512407966452281
FARM_11,FARM_11_C052,holdout,0.937834888830659,0,0.8703308066768062,0.001682869012936731
FARM_11,FARM_11_C053,holdout,0.8789210028943211,0,0.8985603253209051,1.051763324418198e-05
FARM_11,FARM_11_C054,holdout,0.945364066874636,0,0.913865692116178,1e-06
FARM_11,FARM_11_C055,holdout,0.9077712813204062,0,0.8488760482685197,0.024421554250385516
FARM_11,FARM_11_C056,holdout,0.8898248875304278,0,0.8587060351301394,0.008108344132553442
FARM_11,FARM_11_C057,holdout,0.964868962206756,0,0.9248738695500487,1e-06
FARM_11,FARM_11_C058,holdout,0.9483165499908712,0,0.9001401811283861,7.503279887582998e-06
FARM_11,FARM_11_C059,holdout,0.9153675413132458,0,0.9017869051899567,5.244659528505705e-06
FARM_11,FARM_11_C060,holdout,0.9232708846343296,0,0.9057605822646454,2.153784710629658e-06
FARM_11,FARM_11_C061,holdout,0.9339597972817452,0,0.8705852549799477,0.0016205465686263882
FARM_11,FARM_11_C062,holdout,0.9251992193930988,0,0.8635724665320496,0.004351691259089522
FARM_11,FARM_11_C063,holdout,0.9345120450974036,0,0.8593482918886727,0.0074909433115657115
FARM_11,FARM_11_C064,holdout,0.9432451350350568,0,0.8865011003262588,0.000114686299872875
FARM_11,FARM_11_C065,holdout,0.8651073475346184,0,0.8782701766774801,0.0004843727636340086
FARM_11,FARM_11_C066,holdout,0.9481575452868672,0,0.8777543304292935,0.0005274501936323245
FARM_11,FARM_11_C067,holdout,0.9160168772867168,0,0.8759126836080543,0.0007114885648799527
FARM_11,FARM_11_C068,holdout,0.8879955637716974,0,0.8661640434188738,0.0030590812103286446
FARM_11,FARM_11_C069,holdout,0.8824960137455173,0,0.8823613537013872,0.00024127118710083812
FARM_11,FARM_11_C070,holdout,0.8834872003087033,0,0.8771427216302038,0.0005830638234997488
FARM_11,FARM_11_C071,holdout,0.9365940227078692,0,0.8804513109614824,0.00033562464736110317
FARM_11,FARM_11_C072,holdout,0.9158650416656348,0,0.8872779818838514,9.931494966247097e-05
FARM_11,FARM_11_C073,holdout,0.9541129041988066,0,0.8905120911211742,5.37562690205212e-05
FARM_11,FARM_11_C074,holdout,0.9286878335528193,0,0.8970337170589854,1.4496774343342224e-05
FARM_11,FARM_11_C075,holdout,0.9064520377316952,0,0.873542295236655,0.0010342429904113815
FARM_11,FARM_11_C076,holdout,0.8991376570514262,0,0.8884961762978036,7.903419038359122e-05
FARM_11,FARM_11_C077,holdout,0.9061591251970148,0,0.8831563538173606,0.00020979044468245908
FARM_11,FARM_11_C078,holdout,0.9141468556464624,0,0.9108259286750502,1e-06
FARM_11,FARM_11_C079,holdout,0.9345303380389882,0,0.913166063366696,1e-06
FARM_11,FARM_11_C080,holdout,0.9327015908724288,0,0.8795577551910873,0.0003905602355578108
FARM_12,FARM_12_C001,holdout,0.9635599909845542,0,0.8631778725594357,0.004585693228024445
FARM_12,FARM_12_C002,holdout,0.9004396266922265,0,0.85785309893351,0.008995286341442562
FARM_12,FARM_12_C003,holdout,0.9521081844267923,0,0.8629761118192758,0.004709543819479004
FARM_12,FARM_12_C004,holdout,0.9408295640780788,0,0.8667781625215853,0.002807903906076661
FARM_12,FARM_12_C005,holdout,0.9160563283432412,0,0.8428144139608795,0.04359751225166117
FARM_12,FARM_12_C006,holdout,0.9212314154797544,0,0.8427477246053596,0.043858153339638904
FARM_12,FARM_12_C007,holdout,0.9213782454252848,0,0.889917918033168,6.028137071924873e-05
FARM_12,FARM_12_C008,holdout,0.9494019440250164,0,0.8686259413864574,0.002159007083577891
FARM_12,FARM_12_C009,holdout,0.9752947219829626,0,0.899184462594497,9.210308531428269e-06
FARM_12,FARM_12_C010,holdout,0.9650340810498927,0,0.8848271516424022,0.00015565019333388575
FARM_12,FARM_12_C011,holdout,0.9299897941278288,0,0.8985464022836962,1.0548713097233643e-05
FARM_12,FARM_12_C012,holdout,0.9775740121024368,0,0.9126821609733462,1e-06
FARM_12,FARM_12_C013,holdout,0.9293771941601198,0,0.9057190461553877,2.174325093376749e-06
FARM_12,FARM_12_C014,holdout,0.9472672510650032,0,0.9191839100306984,1e-06
FARM_12,FARM_12_C015,holdout,0.9496158981426264,0,0.8706028831106312,0.0016163067806167243
FARM_12,FARM_12_C016,holdout,0.9546223768152052,0,0.8964183693275204,1.6473433023334986e-05
FARM_12,FARM_12_C017,holdout,0.889823645563464,0,0.8577687321670611,0.00908735325759611
FARM_12,FARM_12_C018,holdout,0.9586606645702724,0,0.9128660355418864,1e-06
FARM_12,FARM_12_C019,holdout,0.9474136271093928,0,0.893627698553896,2.9093928841046538e-05
FARM_12,FARM_12_C020,holdout,0.9046154215423324,0,0.8919055746585772,4.096092734626518e-05
FARM_12,FARM_12_C021,holdout,0.8853893848107173,0,0.8719391619425284,0.0013225398492550775
FARM_12,FARM_12_C022,holdout,0.8790144057196915,0,0.886738482025568,0.00010976866935511932
FARM_12,FARM_12_C023,holdout,0.9029597227703116,0,0.884342028435287,0.00016985294089116065
FARM_12,FARM_12_C024,holdout,0.8945764352522572,0,0.8749725315846041,0.0008265204287297281
FARM_12,FARM_12_C025,holdout,0.918868033322892,0,0.883890924679993,0.00018413197015398677
FARM_12,FARM_12_C026,holdout,0.9222193662963634,0,0.8784984568944761,0.0004663610406246735
FARM_12,FARM_12_C027,holdout,0.9150704630584472,0,0.8764464644699845,0.0006528787909139025
FARM_12,FARM_12_C028,holdout,0.9469783779625948,0,0.8719744161152507,0.0013154887992721158
FARM_12,FARM_12_C029,holdout,0.9300978514049334,0,0.8913632713732271,4.555584656144307e-05
FARM_12,FARM_12_C030,holdout,0.9076883278998246,0,0.8732673637736781,0.0010792264083466633
FARM_12,FARM_12_C031,holdout,0.9492259733227708,0,0.9085440245953751,1.1298181536375277e-06
FARM_12,FARM_12_C032,holdout,0.956103331598614,0,0.8803274096919171,0.0003427907830670688
FARM_12,FARM_12_C033,holdout,0.9328780050787178,0,0.8800900670729189,0.0003569136518480311
FARM_12,FARM_12_C034,holdout,0.9256812022576216,0,0.8881832629038486,8.383707880559084e-05
FARM_12,FARM_12_C035,holdout,0.9292034747220056,0,0.8840992079907075,0.00017740587382873385
FARM_12,FARM_12_C036,holdout,0.913449306962281,0,0.9090496758341525,1.0029290727628465e-06
FARM_12,FARM_12_C037,holdout,0.937055174916281,0,0.906730202203107,1.7237761651371632e-06
FARM_12,FARM_12_C038,holdout,0.9593204331421192,0,0.8905207612915026,5.3666159533124176e-05
FARM_12,FARM_12_C039,holdout,0.903803973133844,0,0.8876513839676211,9.263259022152744e-05
FARM_12,FARM_12_C040,holdout,0.9514417389266442,0,0.8972526300038542,1.3849411209446064e-05
FARM_12,FARM_12_C041,holdout,0.9218827952435108,0,0.8841127639852864,0.00017697612146695736
FARM_12,FARM_12_C042,holdout,0.9643817853151492,0,0.8687801242438444,0.0021114616275119662
FARM_12,FARM_12_C043,holdout,0.923369044005717,0,0.8620988773415029,0.0052826686832097855
FARM_12,FARM_12_C044,holdout,0.9271650842079509,0,0.8771601946055145,0.0005814032009558565
FARM_12,FARM_12_C045,holdout,0.9378491602635292,0,0.8779941805421929,0.0005070015092488307
FARM_12,FARM_12_C046,holdout,0.9355830037904465,0,0.8726774150141994,0.0011817935733902313
FARM_12,FARM_12_C047,holdout,0.9410724685151404,0,0.862796982079358,0.004821944555812003
FARM_12,FARM_12_C048,holdout,0.9355516253591132,0,0.8943815158592454,2.4994383556998525e-05
FARM_12,FARM_12_C049,holdout,0.9401246058916088,0,0.8723816593665827,0.0012364648105279413
FARM_12,FARM_12_C050,holdout,0.8799250342273823,0,0.8918815477892842,4.115491678454217e-05
FARM_12,FARM_12_C051,holdout,0.8956781386957731,0,0.891439551094065,4.48814564984703e-05
FARM_12,FARM_12_C052,holdout,0.9289209948603636,0,0.8863764156087989,0.00011735089728289299
FARM_12,FARM_12_C053,holdout,0.9414452985071732,0,0.8841660662966935,0.00017529569335218755
FARM_12,FARM_12_C054,holdout,0.9572621647257268,0,0.8911603100556923,4.7396923441573634e-05
FARM_12,FARM_12_C055,holdout,0.8612966172276352,0,0.9211181057277773,1e-06
FARM_12,FARM_12_C056,holdout,0.9189725858365332,0,0.9019477690692682,5.062650740087992e-06
FARM_12,FARM_12_C057,holdout,0.9353856423593168,0,0.9030459288240408,3.971629312982639e-06
FARM_12,FARM_12_C058,holdout,0.9262009058500418,0,0.8563574938063759,0.010750565698742165
FARM_12,FARM_12_C059,holdout,0.9745573077750136,0,0.9010117717640439,6.212513804242476e-06
FARM_12,FARM_12_C060,holdout,0.9210613060904178,0,0.8760969913718346,0.0006907292005890421
FARM_12,FARM_12_C061,holdout,0.9444619531888396,0,0.9178359238825046,1e-06
FARM_12,FARM_12_C062,holdout,0.9315673270990992,0,0.8756267770661471,0.0007448207490039562
FARM_12,FARM_12_C063,holdout,0.9582983633994934,0,0.8846923620006533,0.00015948130860464908
FARM_12,FARM_12_C064,holdout,0.906635545309691,0,0.8895965050997535,6.411376519796375e-05
FARM_12,FARM_12_C065,holdout,0.9180848652942348,0,0.8577488602455935,0.009109155408980203
FARM_12,FARM_12_C066,holdout,0.961115040414972,0,0.8902612159491009,5.642599577216657e-05
FARM_12,FARM_12_C067,holdout,0.881671077027163,0,0.8506975045210052,0.020217179709643242
FARM_12,FARM_12_C068,holdout,0.8912874273041717,0,0.8646739147776171,0.0037530353747297616
FARM_12,FARM_12_C069,holdout,0.9196591211619048,0,0.8912605323281113,4.64792301975311e-05
FARM_12,FARM_12_C070,holdout,0.9583754148757344,0,0.9019215655064164,5.091882840335432e-06
FARM_12,FARM_12_C071,holdout,0.9100268814553396,0,0.8801732068748792,0.0003519065599753906
FARM_12,FARM_12_C072,holdout,0.934227885483652,0,0.862378130776526,0.005093959447028834
FARM_12,FARM_12_C073,holdout,0.970175024230199,0,0.8973930168193582,1.3448779723783033e-05
FARM_12,FARM_12_C074,holdout,0.9031267614469832,0,0.8850825767642791,0.00014862409743720572
FARM_12,FARM_12_C075,holdout,0.9649607229764916,0,0.8801694264175526,0.0003521328250107204
FARM_12,FARM_12_C076,holdout,0.95904235345872,0,0.9191563798774061,1e-06
FARM_12,FARM_12_C077,holdout,0.9806878952006736,0,0.9100705551354542,1e-06
FARM_12,FARM_12_C078,holdout,0.9291258416899786,0,0.887224987526346,0.0001002990339209828
FARM_12,FARM_12_C079,holdout,0.910083955598822,0,0.8955139877683026,1.9846598749624845e-05
FARM_12,FARM_12_C080,holdout,0.9338139049608676,0,0.8979992644126805,1.1841423834440794e-05
